Rk,Name,Age,Tm,G,PA,AB,R,H,2B,3B,HR,RBI,SB,CS,BB,SO,BA,OBP,SLG,OPS,OPS+,TB,GDP,HBP,SH,SF,IBB,Pos Summary
1,Fernando Abad*\abadfe01,35,BAL,2,0,0,0,0,0,0,0,0,0,0,0,0,,,,,,0,0,0,0,0,0,1
2,Albert Abreu\abreual01,25,NYY,3,0,0,0,0,0,0,0,0,0,0,0,0,,,,,,0,0,0,0,0,0,1
3,Bryan Abreu\abreubr01,24,HOU,1,0,0,0,0,0,0,0,0,0,0,0,0,,,,,,0,0,0,0,0,0,1
4,José Abreu\abreujo02,34,CHW,152,659,566,86,148,30,2,30,117,1,0,61,143,.261,.351,.481,.831,125,272,28,22,0,10,3,*3D/5
5,Willy Adames\adamewi01,25,TBR,41,142,132,16,26,6,1,5,15,1,2,10,51,.197,.254,.371,.625,76,49,1,0,0,0,0,6/H
6,Riley Adams\adamsri03,25,TOR,12,30,28,2,3,2,0,0,0,0,0,2,12,.107,.167,.179,.345,-5,5,1,0,0,0,0,2/H
7,Jo Adell\adelljo01,22,LAA,35,140,130,17,32,5,2,4,26,2,1,8,32,.246,.295,.408,.703,90,53,3,1,1,0,0,79
8,Keegan Akin*\akinke01,26,BAL,2,2,2,0,0,0,0,0,0,0,0,0,2,.000,.000,.000,.000,-100,0,0,0,0,0,0,1
9,Hanser Alberto\alberha01,28,KCR,103,255,241,25,65,20,3,2,24,3,1,4,26,.270,.291,.402,.693,85,97,1,4,4,2,0,54H6D/1
10,Jorge Alcala\alcaljo01,25,MIN,4,0,0,0,0,0,0,0,0,0,0,0,0,,,,,,0,0,0,0,0,0,1
11,Tyler Alexander\alexaty01,26,DET,4,2,2,0,0,0,0,0,0,0,0,0,1,.000,.000,.000,.000,-100,0,0,0,0,0,0,1
12,Kolby Allard*\allarko01,23,TEX,1,2,2,0,0,0,0,0,0,0,0,0,1,.000,.000,.000,.000,-100,0,0,0,0,0,0,1
13,Austin Allen*\allenau01,27,OAK,4,8,8,2,2,0,0,1,1,0,0,0,3,.250,.250,.625,.875,134,5,0,0,0,0,0,/2HD
14,Greg Allen#\allengr01,28,NYY,15,48,37,9,10,4,1,0,2,5,0,5,13,.270,.417,.432,.849,136,16,0,5,0,1,0,/978H
15,Logan Allen\allenlo01,24,CLE,1,1,1,0,0,0,0,0,0,0,0,0,1,.000,.000,.000,.000,-100,0,0,0,0,0,0,1
16,Jose Altuve\altuvjo01,31,HOU,146,678,601,117,167,32,1,31,83,5,3,66,91,.278,.350,.489,.839,127,294,9,4,1,6,3,*4/HD
17,Yordan Álvarez*\alvaryo01,24,HOU,144,598,537,92,149,35,1,33,104,1,0,50,145,.277,.346,.531,.877,136,285,16,8,0,3,3,D7/H
18,Trey Amburgey\amburtr01,26,NYY,2,4,4,0,0,0,0,0,0,0,0,0,2,.000,.000,.000,.000,-100,0,1,0,0,0,0,/9
19,Tim Anderson\anderti01,28,CHW,123,551,527,94,163,29,2,17,61,18,7,22,119,.309,.338,.469,.806,118,247,5,1,0,1,1,*6
20,Tyler Anderson*\anderty01,31,SEA,1,3,2,0,0,0,0,0,0,0,0,1,2,.000,.333,.000,.333,8,0,0,0,0,0,0,1
21,Matt Andriese\andrima01,31,TOT,5,0,0,0,0,0,0,0,0,0,0,0,0,,,,,,0,0,0,0,0,0,1
22,Matt Andriese\andrima01,31,BOS,3,0,0,0,0,0,0,0,0,0,0,0,0,,,,,,0,0,0,0,0,0,1
23,Matt Andriese\andrima01,31,SEA,2,0,0,0,0,0,0,0,0,0,0,0,0,,,,,,0,0,0,0,0,0,/1
24,Elvis Andrus\andruel01,32,OAK,146,541,497,60,121,25,2,3,37,12,2,31,81,.243,.294,.320,.614,73,159,14,6,3,4,2,*6/H
25,Miguel Andujar\andujmi01,26,NYY,45,162,154,19,39,2,0,6,12,0,1,7,28,.253,.284,.383,.667,82,59,8,0,0,1,0,7/5H3
26,Jonathan Arauz#\arauzjo01,22,BOS,28,75,65,9,12,3,0,3,8,0,0,8,15,.185,.274,.369,.643,69,24,2,0,2,0,0,64/H51
27,Chris Archer\archech01,32,TBR,1,0,0,0,0,0,0,0,0,0,0,0,0,,,,,,0,0,0,0,0,0,/1
28,Kohei Arihara\arihako01,28,TEX,1,2,2,0,0,0,0,0,0,0,0,0,1,.000,.000,.000,.000,-100,0,0,0,0,0,0,1
29,Shawn Armstrong\armstsh01,30,TOT,5,0,0,0,0,0,0,0,0,0,0,0,0,,,,,,0,0,0,0,0,0,1
30,Shawn Armstrong\armstsh01,30,BAL,4,0,0,0,0,0,0,0,0,0,0,0,0,,,,,,0,0,0,0,0,0,1
31,Shawn Armstrong\armstsh01,30,TBR,1,0,0,0,0,0,0,0,0,0,0,0,0,,,,,,0,0,0,0,0,0,1
32,Randy Arozarena\arozara01,26,TBR,141,604,529,94,145,32,3,20,69,20,10,56,170,.274,.356,.459,.815,131,243,9,14,0,5,4,*79D/H8
33,Luis Arraez*\arraelu01,24,MIN,121,479,428,58,126,17,6,2,42,2,2,43,48,.294,.357,.376,.733,105,161,9,2,0,6,2,547H/D
34,Christian Arroyo\arroych01,26,BOS,57,181,164,22,43,12,0,6,25,1,0,8,44,.262,.324,.445,.769,102,73,1,7,1,0,0,4H/D631
35,Willians Astudillo\astudwi01,29,MIN,72,216,208,17,49,8,0,7,21,0,0,3,12,.236,.259,.375,.634,74,78,12,4,0,1,0,532/H419
36,Akil Baddoo*\baddoak01,22,DET,124,461,413,60,107,20,7,13,55,18,4,45,122,.259,.330,.436,.766,113,180,5,0,0,3,1,*87H/D9
37,Joe Barlow\barlojo01,25,TEX,1,0,0,0,0,0,0,0,0,0,0,0,0,,,,,,0,0,0,0,0,0,1
38,Scott Barlow\barlosc01,28,KCR,8,0,0,0,0,0,0,0,0,0,0,0,0,,,,,,0,0,0,0,0,0,1
39,Charlie Barnes*\barnech01,25,MIN,1,1,1,0,0,0,0,0,0,0,0,0,1,.000,.000,.000,.000,-100,0,0,0,0,0,0,/1
40,Jacob Barnes\barneja01,31,TOR,1,0,0,0,0,0,0,0,0,0,0,0,0,,,,,,0,0,0,0,0,0,1
41,Matt Barnes\barnema01,31,BOS,6,0,0,0,0,0,0,0,0,0,0,0,0,,,,,,0,0,0,0,0,0,1
42,Kyle Barraclough\barraky01,31,MIN,1,0,0,0,0,0,0,0,0,0,0,0,0,,,,,,0,0,0,0,0,0,1
43,Luis Barrera*\barrelu01,25,OAK,6,8,8,1,2,0,0,0,0,0,0,0,2,.250,.250,.250,.500,42,2,0,0,0,0,0,/7H98
44,Jaime Barria\barrija01,24,LAA,1,3,3,0,0,0,0,0,0,0,0,0,3,.000,.000,.000,.000,-100,0,0,0,0,0,0,1
45,Chris Bassitt\bassich01,32,OAK,1,2,2,0,0,0,0,0,0,0,0,0,2,.000,.000,.000,.000,-100,0,0,0,0,0,0,1
46,Jake Bauers*\bauerja01,25,TOT,115,315,282,27,59,7,0,4,19,6,1,30,78,.209,.290,.277,.566,60,78,1,2,0,0,1,3H97/D
47,Jake Bauers*\bauerja01,25,CLE,43,113,100,7,19,3,0,2,6,0,1,12,27,.190,.277,.280,.557,54,28,0,0,0,0,1,3H
48,Jake Bauers*\bauerja01,25,SEA,72,202,182,20,40,4,0,2,13,6,0,18,51,.220,.297,.275,.572,63,50,1,2,0,0,0,97H3/D
49,Cam Bedrosian\bedroca01,29,OAK,2,0,0,0,0,0,0,0,0,0,0,0,0,,,,,,0,0,0,0,0,0,/1
50,Anthony Bemboom*\bemboan01,31,LAA,8,28,27,2,6,0,0,0,2,0,0,1,10,.222,.250,.222,.472,31,6,1,0,0,0,0,/271
51,Andrew Benintendi*\beninan01,26,KCR,134,538,493,63,136,27,2,17,73,8,9,36,97,.276,.324,.442,.766,104,218,2,2,1,6,0,*7/H
52,Wes Benjamin\benjawe01,27,TEX,1,0,0,0,0,0,0,0,0,0,0,0,0,,,,,,0,0,0,0,0,0,1
53,Travis Bergen*\bergetr01,27,TOR,1,0,0,0,0,0,0,0,0,0,0,0,0,,,,,,0,0,0,0,0,0,1
54,Jose Berrios\berrijo01,27,TOT,2,4,3,0,0,0,0,0,0,0,0,0,2,.000,.000,.000,.000,-100,0,1,0,1,0,0,1
55,Jose Berrios\berrijo01,27,MIN,1,2,2,0,0,0,0,0,0,0,0,0,2,.000,.000,.000,.000,-100,0,0,0,0,0,0,1
56,Jose Berrios\berrijo01,27,TOR,1,2,1,0,0,0,0,0,0,0,0,0,0,.000,.000,.000,.000,-100,0,1,0,1,0,0,1
57,Bo Bichette\bichebo01,23,TOR,159,690,640,121,191,30,1,29,102,25,1,40,137,.298,.343,.484,.828,123,310,10,6,0,4,0,*6D
58,Shane Bieber\biebesh01,26,CLE,2,6,6,0,0,0,0,0,0,0,0,0,3,.000,.000,.000,.000,-100,0,0,0,0,0,0,1
59,Brandon Bielak*\bielabr01,25,HOU,1,0,0,0,0,0,0,0,0,0,0,0,0,,,,,,0,0,0,0,0,0,1
60,Cavan Biggio*\biggica01,26,TOR,79,294,250,27,56,10,1,7,27,3,1,37,78,.224,.322,.356,.678,86,89,4,1,1,4,2,59/34HD7
61,Braden Bishop\bishobr01,27,SEA,8,5,4,1,1,0,0,0,0,0,0,0,2,.250,.250,.250,.500,42,1,0,0,1,0,0,/7H
62,Travis Blankenhorn*\blanktr01,24,MIN,1,0,0,1,0,0,0,0,0,0,0,0,0,,,,,,0,0,0,0,0,0,/4H
63,Xander Bogaerts\bogaexa01,28,BOS,144,603,529,90,156,34,1,23,79,5,1,62,113,.295,.370,.493,.863,127,261,13,5,0,7,2,*6/DH
64,Skye Bolt#\boltsk01,27,OAK,32,59,56,5,5,1,0,1,4,2,0,1,14,.089,.105,.161,.266,-26,9,0,0,2,0,0,8H/79D
65,Ryan Borucki*\borucry01,27,TOR,2,0,0,0,0,0,0,0,0,0,0,0,0,,,,,,0,0,0,0,0,0,1
66,Matthew Boyd*\boydma01,30,DET,2,5,3,0,1,0,0,0,0,0,0,1,1,.333,.500,.333,.833,142,1,0,0,1,0,0,1
67,Bobby Bradley*\bradlbo01,25,CLE,74,279,245,36,51,10,0,16,41,0,0,25,99,.208,.294,.445,.739,99,109,3,6,0,3,1,3/DH
68,Michael Brantley*\brantmi02,34,HOU,121,508,469,68,146,29,3,8,47,1,0,33,53,.311,.362,.437,.799,119,205,11,5,0,1,1,7D/9H
69,Rob Brantly*\brantro01,31,NYY,6,21,20,0,3,1,0,0,0,0,0,0,4,.150,.190,.200,.390,8,4,0,1,0,0,0,/23H
70,Ryan Brasier\brasiry01,33,BOS,2,0,0,0,0,0,0,0,0,0,0,0,0,,,,,,0,0,0,0,0,0,1
71,Alex Bregman\bregmal01,27,HOU,91,400,348,54,94,17,0,12,55,1,0,44,53,.270,.355,.422,.777,113,147,13,4,0,4,4,5/H
72,Jake Brentz*\brentja01,26,KCR,6,1,0,0,0,0,0,0,0,0,0,1,0,,1.000,,,,0,0,0,0,0,0,1
73,Zack Britton*\brittza01,33,NYY,3,0,0,0,0,0,0,0,0,0,0,0,0,,,,,,0,0,0,0,0,0,1
74,Mike Brosseau\brossmi01,27,TBR,57,169,150,21,28,9,0,5,18,2,0,15,53,.187,.266,.347,.613,74,52,1,2,0,2,0,45H3/79
75,Seth Brown*\brownse01,28,OAK,111,307,281,43,60,13,1,20,48,4,1,23,89,.214,.274,.480,.754,107,135,1,1,0,2,2,9H7/D38
76,Jay Bruce*\bruceja01,34,NYY,10,39,34,3,4,1,0,1,3,0,0,5,13,.118,.231,.235,.466,30,8,2,0,0,0,0,3
77,Vidal Brujan#\brujavi01,23,TBR,10,26,26,3,2,0,0,0,2,1,0,0,8,.077,.077,.077,.154,-56,2,0,0,0,0,0,/4H98D7
78,Kris Bubic*\bubickr01,23,KCR,2,5,5,0,0,0,0,0,0,0,0,0,1,.000,.000,.000,.000,-100,0,0,0,0,0,0,1
79,Aaron Bummer*\bummeaa01,27,CHW,5,0,0,0,0,0,0,0,0,0,0,0,0,,,,,,0,0,0,0,0,0,1
80,Dylan Bundy#\bundydy01,28,LAA,3,4,4,0,1,0,0,0,0,0,0,0,3,.250,.250,.250,.500,38,1,0,0,0,0,0,1/H
81,Jake Burger\burgeja01,25,CHW,15,42,38,5,10,3,1,1,3,0,0,4,15,.263,.333,.474,.807,118,18,2,0,0,0,0,/5DH
82,Ryan Burr\burrry01,27,CHW,3,0,0,0,0,0,0,0,0,0,0,0,0,,,,,,0,0,0,0,0,0,1
83,Beau Burrows\burrobe01,24,TOT,2,0,0,0,0,0,0,0,0,0,0,0,0,,,,,,0,0,0,0,0,0,/1
84,Beau Burrows\burrobe01,24,MIN,2,0,0,0,0,0,0,0,0,0,0,0,0,,,,,,0,0,0,0,0,0,/1
85,Drew Butera\buterdr01,37,LAA,12,36,32,1,3,1,0,0,5,0,0,0,16,.094,.091,.125,.216,-42,4,0,0,3,1,0,2
86,Byron Buxton\buxtoby01,27,MIN,61,254,235,50,72,23,0,19,32,9,1,13,62,.306,.358,.647,1.005,171,152,0,6,0,0,0,8/H
87,Miguel Cabrera\cabremi01,38,DET,130,526,472,48,121,16,0,15,75,0,0,40,118,.256,.316,.386,.701,96,182,21,5,0,9,0,D3/H
88,Willie Calhoun*\calhowi01,26,TEX,75,284,260,26,65,10,3,6,25,0,2,21,34,.250,.310,.381,.691,90,99,6,2,0,1,0,7D/H
89,Daz Cameron\camerda01,24,DET,35,115,103,16,20,5,0,4,13,6,0,10,38,.194,.278,.359,.637,77,37,2,2,0,0,0,98/HD7
90,Eric Campbell\campber01,34,SEA,4,12,11,1,3,0,0,0,0,0,0,1,1,.273,.333,.273,.606,75,3,0,0,0,0,0,/53H
91,Jeimer Candelario#\candeje01,27,DET,149,626,557,75,151,42,3,16,67,0,0,65,135,.271,.351,.443,.795,122,247,10,4,0,0,1,*5/D
92,Mark Canha\canhama01,32,OAK,141,625,519,93,120,22,4,17,61,12,2,77,128,.231,.358,.387,.746,111,201,9,27,0,2,0,*798/D3H
93,Griffin Canning\cannigr01,25,LAA,2,1,0,0,0,0,0,0,0,0,0,0,0,,,,,,0,0,0,1,0,0,1/7H
94,Drew Carlton\carltdr01,25,DET,2,0,0,0,0,0,0,0,0,0,0,0,0,,,,,,0,0,0,0,0,0,/1
95,Diego Castillo\castidi01,27,TOT,4,0,0,0,0,0,0,0,0,0,0,0,0,,,,,,0,0,0,0,0,0,1
96,Diego Castillo\castidi01,27,TBR,3,0,0,0,0,0,0,0,0,0,0,0,0,,,,,,0,0,0,0,0,0,1
97,Diego Castillo\castidi01,27,SEA,1,0,0,0,0,0,0,0,0,0,0,0,0,,,,,,0,0,0,0,0,0,1
98,Harold Castro*\castrha01,27,DET,106,339,315,35,89,13,1,3,37,1,1,14,72,.283,.310,.359,.669,88,113,7,1,4,5,0,643H5/718D
99,Jason Castro*\castrja01,34,HOU,66,179,149,22,35,7,0,8,21,0,0,25,54,.235,.356,.443,.799,118,66,4,3,2,0,1,2H/D
100,Willi Castro#\castrwi01,24,DET,125,450,413,56,91,15,6,9,38,9,4,23,109,.220,.273,.351,.624,74,145,5,8,3,3,1,467H/D
101,Jake Cave*\caveja01,28,MIN,76,178,164,14,31,6,1,3,13,1,1,10,62,.189,.249,.293,.541,50,48,0,3,1,0,0,78H9/D
102,Dylan Cease\ceasedy01,25,CHW,3,8,8,1,3,1,0,0,0,0,0,0,3,.375,.375,.500,.875,138,4,1,0,0,0,0,1
103,Gilberto Celestino\celesgi01,22,MIN,23,62,59,7,8,3,0,2,3,0,0,3,14,.136,.177,.288,.466,26,17,2,0,0,0,0,8/H9D7
104,Luis Cessa\cessalu01,29,NYY,1,0,0,0,0,0,0,0,0,0,0,0,0,,,,,,0,0,0,0,0,0,1
105,Andrew Chafin\chafian01,31,OAK,1,0,0,0,0,0,0,0,0,0,0,0,0,,,,,,0,0,0,0,0,0,1
106,Yu Chang\changyu01,25,CLE,89,251,237,32,54,14,3,9,39,1,0,11,69,.228,.267,.426,.693,86,101,4,2,0,1,0,35H/46
107,Aroldis Chapman*\chapmar01,33,NYY,7,0,0,0,0,0,0,0,0,0,0,0,0,,,,,,0,0,0,0,0,0,1
108,Matt Chapman\chapmma01,28,OAK,151,622,529,75,111,15,3,27,72,3,2,80,202,.210,.314,.403,.716,100,213,6,4,0,9,0,*5/6H
109,JT Chargois#\chargjt01,30,TOT,6,0,0,0,0,0,0,0,0,0,0,0,0,,,,,,0,0,0,0,0,0,1
110,JT Chargois#\chargjt01,30,SEA,4,0,0,0,0,0,0,0,0,0,0,0,0,,,,,,0,0,0,0,0,0,1
111,JT Chargois#\chargjt01,30,TBR,2,0,0,0,0,0,0,0,0,0,0,0,0,,,,,,0,0,0,0,0,0,1
112,Tyler Chatwood\chatwty01,31,TOR,4,0,0,0,0,0,0,0,0,0,0,0,0,,,,,,0,0,0,0,0,0,1
113,Michael Chavis\chavimi01,25,BOS,31,82,79,12,15,4,1,2,6,1,1,1,32,.190,.207,.342,.549,42,27,2,1,0,1,0,4/3H
114,Ji-Man Choi*\choiji01,30,TBR,83,305,258,36,59,14,0,11,45,0,0,45,87,.229,.348,.411,.758,116,106,5,2,0,0,0,3H/D
115,Adam Cimber\cimbead01,30,TOR,3,0,0,0,0,0,0,0,0,0,0,0,0,,,,,,0,0,0,0,0,0,1
116,Steve Cishek\cishest01,35,LAA,13,0,0,0,0,0,0,0,0,0,0,0,0,,,,,,0,0,0,0,0,0,1
117,Jose Cisnero\cisnejo01,32,DET,5,0,0,0,0,0,0,0,0,0,0,0,0,,,,,,0,0,0,0,0,0,1
118,Nick Ciuffo*\ciuffni01,26,BAL,2,6,5,0,1,1,0,0,0,0,0,1,1,.200,.333,.400,.733,99,2,0,0,0,0,0,/2
119,Aaron Civale\civalaa01,26,CLE,1,2,1,0,0,0,0,0,0,0,0,1,1,.000,.500,.000,.500,57,0,0,0,0,0,0,1
120,Emmanuel Clase\claseem01,23,CLE,5,0,0,0,0,0,0,0,0,0,0,0,0,,,,,,0,0,0,0,0,0,1
121,Alex Claudio*\claudal01,29,LAA,8,0,0,0,0,0,0,0,0,0,0,0,0,,,,,,0,0,0,0,0,0,1
122,Ernie Clement\clemeer01,25,CLE,40,133,121,16,28,4,0,3,9,0,1,7,19,.231,.285,.339,.623,71,41,3,2,3,0,0,45/H76
123,Alex Cobb\cobbal01,33,LAA,1,1,1,0,0,0,0,0,0,0,0,0,0,.000,.000,.000,.000,-100,0,0,0,0,0,0,1
124,A.J. Cole\coleaj01,29,TOR,1,0,0,0,0,0,0,0,0,0,0,0,0,,,,,,0,0,0,0,0,0,/1
125,Zack Collins*\colliza01,26,CHW,78,231,195,25,41,13,0,4,26,1,1,34,69,.210,.330,.338,.669,85,66,4,1,1,0,1,2H/D3
126,Alex Colome\colomal01,32,MIN,6,0,0,0,0,0,0,0,0,0,0,0,0,,,,,,0,0,0,0,0,0,1
127,Adam Conley*\conlead01,31,TBR,1,0,0,0,0,0,0,0,0,0,0,0,0,,,,,,0,0,0,0,0,0,1
128,Franchy Cordero*\cordefr02,26,BOS,48,136,127,12,24,6,0,1,9,1,1,8,51,.189,.237,.260,.497,32,33,1,0,1,0,0,73/H9D
129,Carlos Correa\correca01,26,HOU,148,640,555,104,155,34,1,26,92,0,0,75,116,.279,.366,.485,.850,131,269,16,4,0,6,2,*6
130,Nestor Cortes Jr.\cortene01,26,NYY,2,1,1,0,0,0,0,0,0,0,0,0,0,.000,.000,.000,.000,-100,0,0,0,0,0,0,1/H
131,Jharel Cotton\cottojh01,29,TEX,1,0,0,0,0,0,0,0,0,0,0,0,0,,,,,,0,0,0,0,0,0,1
132,Danny Coulombe*\couloda01,31,MIN,5,1,1,0,0,0,0,0,0,0,0,0,1,.000,.000,.000,.000,-100,0,0,0,0,0,0,1
133,J.P. Crawford*\crawfjp01,26,SEA,160,687,619,89,169,37,0,9,54,3,6,58,114,.273,.338,.376,.715,102,233,10,5,1,4,1,*6
134,Garrett Crochet*\crochga01,22,CHW,2,0,0,0,0,0,0,0,0,0,0,0,0,,,,,,0,0,0,0,0,0,1
135,Nelson Cruz\cruzne02,40,TOT,140,584,513,79,136,21,1,32,86,3,0,51,126,.265,.334,.497,.832,130,255,14,7,0,9,10,*D/H3
136,Nelson Cruz\cruzne02,40,MIN,85,346,296,44,87,13,1,19,50,3,0,35,63,.294,.370,.537,.907,148,159,10,5,0,7,6,D/H
137,Nelson Cruz\cruzne02,40,TBR,55,238,217,35,49,8,0,13,36,0,0,16,63,.226,.283,.442,.725,103,96,4,2,0,2,4,D/H3
138,Charlie Culberson\culbech01,32,TEX,90,271,247,23,60,15,2,5,22,7,1,17,64,.243,.296,.381,.676,86,94,3,2,4,1,1,5H/7346D19
139,David Dahl*\dahlda01,27,TEX,63,220,205,19,43,11,0,4,18,2,1,10,59,.210,.247,.322,.569,56,66,3,1,1,3,0,7D9/H8
140,Bobby Dalbec\dalbebo01,26,BOS,133,453,417,50,100,21,5,25,78,2,0,28,156,.240,.298,.494,.792,105,206,3,7,0,1,1,*35H/6D
141,Austin Davis*\davisau01,28,BOS,1,1,0,0,0,0,0,0,0,0,0,1,0,,1.000,,,,0,0,0,0,0,0,1
142,Jonathan Davis\davisjo05,29,TOT,64,103,87,20,11,1,0,1,4,4,1,12,26,.126,.252,.172,.425,20,15,1,3,0,1,0,8H/7D
143,Jonathan Davis\davisjo05,29,TOR,52,85,70,16,10,1,0,1,4,4,1,11,21,.143,.282,.200,.482,36,14,1,3,0,1,0,8/HD7
144,Jonathan Davis\davisjo05,29,NYY,12,18,17,4,1,0,0,0,0,0,0,1,5,.059,.111,.059,.170,-51,1,0,0,0,0,0,/8H7D
145,Khris Davis\daviskh01,33,TOT,42,114,102,11,21,5,1,3,10,0,0,10,31,.206,.272,.363,.635,75,37,2,0,0,2,0,DH/7
146,Khris Davis\daviskh01,33,TEX,22,61,51,8,8,1,1,2,5,0,0,8,16,.157,.262,.333,.596,64,17,2,0,0,2,0,D/H7
147,Khris Davis\daviskh01,33,OAK,20,53,51,3,13,4,0,1,5,0,0,2,15,.255,.283,.392,.675,88,20,0,0,0,0,0,D/H7
148,Wade Davis\daviswa01,35,KCR,5,0,0,0,0,0,0,0,0,0,0,0,0,,,,,,0,0,0,0,0,0,1
149,Ronnie Dawson*\dawsoro01,26,HOU,3,6,5,2,1,0,0,0,0,0,0,1,0,.200,.333,.200,.533,53,1,1,0,0,0,0,/DH
150,Brett de Geus\degeubr01,23,TEX,3,0,0,0,0,0,0,0,0,0,0,0,0,,,,,,0,0,0,0,0,0,1
151,Alex De Goti\degotal01,26,HOU,2,7,6,2,2,0,0,0,1,0,0,1,2,.333,.429,.333,.762,115,2,0,0,0,0,0,/4
152,Miguel Del Pozo*\delpomi01,28,DET,2,0,0,0,0,0,0,0,0,0,0,0,0,,,,,,0,0,0,0,0,0,/1
153,Reid Detmers*\detmere01,21,LAA,1,2,1,0,0,0,0,0,0,0,0,1,1,.000,.500,.000,.500,57,0,0,0,0,0,0,/1
154,Rafael Devers*\deverra01,24,BOS,156,664,591,101,165,37,1,38,113,5,5,62,143,.279,.352,.538,.890,132,318,13,7,0,4,7,*5/D4H
155,Aledmys Díaz\diazal02,30,HOU,84,319,294,28,76,19,0,8,45,0,1,16,62,.259,.317,.405,.721,97,119,7,9,0,0,3,5743H/6D9
156,Yandy Díaz\diazya01,29,TBR,134,541,465,62,119,20,1,13,64,1,1,69,85,.256,.353,.387,.740,112,180,11,3,0,4,4,35/HD4
157,Corey Dickerson*\dickeco01,32,TOR,46,140,131,16,37,6,2,4,15,4,1,9,23,.282,.329,.450,.779,110,59,3,0,0,0,1,78/HD9
158,Jake Diekman\diekmja01,34,OAK,4,1,1,0,0,0,0,0,0,0,0,0,1,.000,.000,.000,.000,-100,0,0,0,0,0,0,1
159,Marcos Diplan\diplama01,24,BAL,1,0,0,0,0,0,0,0,0,0,0,0,0,,,,,,0,0,0,0,0,0,1
160,Randy Dobnak\dobnara01,26,MIN,1,0,0,0,0,0,0,0,0,0,0,0,0,,,,,,0,0,0,0,0,0,1
161,Rafael Dolis\dolisra01,33,TOR,3,0,0,0,0,0,0,0,0,0,0,0,0,,,,,,0,0,0,0,0,0,1
162,Josh Donaldson\donaljo02,35,MIN,135,543,457,73,113,26,0,26,72,0,0,74,114,.247,.352,.475,.827,127,217,22,4,0,8,2,5D/H
163,Sean Doolittle*\doolise01,34,SEA,1,0,0,0,0,0,0,0,0,0,0,0,0,,,,,,0,0,0,0,0,0,1
164,Ryan Dorow\dorowry01,25,TEX,3,7,6,0,0,0,0,0,0,0,0,1,3,.000,.143,.000,.143,-55,0,0,0,0,0,0,/5
165,Hunter Dozier\doziehu01,29,KCR,144,543,487,55,105,27,6,16,54,5,4,43,154,.216,.285,.394,.680,81,192,12,7,0,6,0,9537D/H
166,Tyler Duffey\duffety01,30,MIN,5,0,0,0,0,0,0,0,0,0,0,0,0,,,,,,0,0,0,0,0,0,1
167,Robert Dugger\duggero01,25,SEA,1,0,0,0,0,0,0,0,0,0,0,0,0,,,,,,0,0,0,0,0,0,1
168,Justin Dunn\dunnju01,25,SEA,2,3,3,0,1,1,0,0,1,0,0,0,2,.333,.333,.667,1.000,172,2,0,0,0,0,0,1
169,Dane Dunning\dunnida01,26,TEX,2,4,3,0,1,0,0,0,0,0,0,0,1,.333,.333,.333,.667,86,1,0,0,1,0,0,1
170,Jarren Duran*\duranja01,24,BOS,33,112,107,17,23,3,2,2,10,2,1,4,40,.215,.241,.336,.578,51,36,1,0,0,1,0,8/H7
171,Jarrod Dyson*\dysonja01,36,TOT,102,149,135,17,28,7,2,0,10,10,5,10,33,.207,.260,.289,.549,49,39,1,0,3,1,0,89H7/D
172,Jarrod Dyson*\dysonja01,36,KCR,77,132,122,13,27,7,2,0,10,8,3,6,28,.221,.256,.311,.567,53,38,1,0,3,1,0,9H87/D
173,Jarrod Dyson*\dysonja01,36,TOR,25,17,13,4,1,0,0,0,0,2,2,4,5,.077,.294,.077,.371,11,1,0,0,0,0,0,8/HD7
174,Adam Eaton*\eatonad02,32,TOT,83,288,254,38,51,10,2,6,30,3,0,22,71,.201,.282,.327,.608,67,83,6,7,4,1,0,9H/731
175,Adam Eaton*\eatonad02,32,CHW,58,219,189,33,38,8,2,5,28,2,0,20,55,.201,.298,.344,.642,76,65,5,6,4,0,0,9/H7
176,Adam Eaton*\eatonad02,32,LAA,25,69,65,5,13,2,0,1,2,1,0,2,16,.200,.232,.277,.509,39,18,1,1,0,1,0,9/H371
177,Chris Ellis*\ellisch01,28,TOT,1,0,0,0,0,0,0,0,0,0,0,0,0,,,,,,0,0,0,0,0,0,/1H
178,Chris Ellis*\ellisch01,28,BAL,1,0,0,0,0,0,0,0,0,0,0,0,0,,,,,,0,0,0,0,0,0,/1H
179,Adam Engel\engelad01,29,CHW,39,140,123,21,31,9,0,7,18,7,1,11,31,.252,.336,.496,.832,124,61,4,5,0,1,0,89/7HD
180,Nathan Eovaldi\eovalna01,31,BOS,1,3,2,1,0,0,0,0,0,0,0,1,1,.000,.333,.000,.333,2,0,0,0,0,0,0,1
181,Thomas Eshelman\eshelto01,27,BAL,2,1,1,0,0,0,0,0,0,0,0,0,0,.000,.000,.000,.000,-100,0,0,0,0,0,0,/1
182,Santiago Espinal\espinsa01,26,TOR,92,246,222,32,69,13,1,2,17,6,1,22,30,.311,.376,.405,.781,114,90,4,1,1,0,0,5H/D
183,Demarcus Evans\evansde01,24,TEX,3,0,0,0,0,0,0,0,0,0,0,0,0,,,,,,0,0,0,0,0,0,1
184,Pete Fairbanks\fairbpe01,27,TBR,5,0,0,0,0,0,0,0,0,0,0,0,0,,,,,,0,0,0,0,0,0,1
185,J.P. Feyereisen\feyerjo01,28,TBR,3,0,0,0,0,0,0,0,0,0,0,0,0,,,,,,0,0,0,0,0,0,1
186,Josh Fleming*\flemijo01,25,TBR,1,1,1,0,0,0,0,0,0,0,0,0,1,.000,.000,.000,.000,-100,0,0,0,0,0,0,1
187,Aaron Fletcher*\fletcaa01,25,SEA,2,0,0,0,0,0,0,0,0,0,0,0,0,,,,,,0,0,0,0,0,0,/1
188,David Fletcher\fletcda02,27,LAA,157,665,626,74,164,27,3,2,47,15,3,31,60,.262,.297,.324,.622,71,203,10,1,6,1,1,*46/H
189,Chris Flexen\flexech01,26,SEA,2,3,3,0,0,0,0,0,0,0,0,0,0,.000,.000,.000,.000,-100,0,0,0,0,0,0,1
190,Estevan Florial*\flories01,23,NYY,11,25,20,3,6,2,0,1,2,1,0,5,6,.300,.440,.550,.990,171,11,0,0,0,0,0,8/H
191,Mike Foltynewicz\foltymi01,29,TEX,2,2,2,0,0,0,0,0,0,0,0,0,2,.000,.000,.000,.000,-100,0,0,0,0,0,0,1
192,Mike Ford*\fordmi01,28,NYY,22,72,60,6,8,0,0,3,5,0,0,11,23,.133,.278,.283,.561,56,17,1,1,0,0,1,3/H
193,Matt Foster\fostema01,26,CHW,1,0,0,0,0,0,0,0,0,0,0,0,0,,,,,,0,0,0,0,0,0,1
194,Dexter Fowler#\fowlede01,35,LAA,7,21,20,3,5,0,0,0,1,1,0,1,6,.250,.286,.250,.536,49,5,0,0,0,0,0,/9
195,Jake Fraley*\fraleja01,26,SEA,78,265,214,27,45,7,0,9,36,10,2,46,71,.210,.352,.369,.721,104,79,3,2,1,2,1,7H8/D9
196,Ty France\francty01,26,SEA,152,650,571,85,166,32,1,18,73,0,0,46,106,.291,.368,.445,.813,128,254,13,27,0,6,1,3D4/5H
197,Maikel Franco\francma02,28,BAL,104,403,377,31,79,22,0,11,47,0,0,20,67,.210,.253,.355,.609,63,134,12,3,0,3,0,5/DH3
198,Wander Franco#\francwa01,20,TBR,70,308,281,53,81,18,5,7,39,2,1,24,37,.288,.347,.463,.810,129,130,2,2,0,1,0,6/54
199,Clint Frazier\frazicl01,26,NYY,66,218,183,20,34,9,0,5,15,2,0,32,65,.186,.317,.317,.633,76,58,8,3,0,0,0,79/H
200,Paul Fry*\frypa01,28,BAL,2,0,0,0,0,0,0,0,0,0,0,0,0,,,,,,0,0,0,0,0,0,1
201,Michael Fulmer\fulmemi01,28,DET,5,0,0,0,0,0,0,0,0,0,0,0,0,,,,,,0,0,0,0,0,0,1
202,Kyle Funkhouser\funkhky01,27,DET,4,0,0,0,0,0,0,0,0,0,0,0,0,,,,,,0,0,0,0,0,0,1
203,Cam Gallagher\gallaca01,28,KCR,48,124,112,9,28,6,0,1,7,0,0,8,20,.250,.298,.330,.628,70,37,2,0,2,1,0,2/H
204,Joey Gallo*\gallojo01,27,TOT,153,616,498,90,99,13,1,38,77,6,0,111,213,.199,.351,.458,.808,121,228,6,6,0,1,5,*97D/H
205,Joey Gallo*\gallojo01,27,TEX,95,388,310,57,69,6,1,25,55,6,0,74,125,.223,.379,.490,.869,139,152,3,4,0,0,4,9D/H
206,Joey Gallo*\gallojo01,27,NYY,58,228,188,33,30,7,0,13,22,0,0,37,88,.160,.303,.404,.707,93,76,3,2,0,1,1,7/9D
207,Freddy Galvis#\galvifr01,31,BAL,72,274,249,36,62,12,1,9,26,1,0,18,58,.249,.306,.414,.720,94,103,5,3,2,1,1,6/H
208,Ben Gamel*\gamelbe01,29,CLE,11,17,14,1,1,1,0,0,0,0,0,3,6,.071,.235,.143,.378,8,2,1,0,0,0,0,/8H7
209,John Gant\gantjo01,28,MIN,2,0,0,0,0,0,0,0,0,0,0,0,0,,,,,,0,0,0,0,0,0,1
210,Adolis García\garciad02,28,TEX,149,622,581,77,141,26,2,31,90,16,5,32,194,.243,.286,.454,.741,101,264,15,5,0,4,0,*89D/7H
211,Aramis Garcia\garciar01,28,OAK,32,94,88,8,18,1,0,3,7,0,0,1,28,.205,.239,.318,.557,55,28,4,3,2,0,0,2/DH
212,Leury Garcia#\garcile02,30,CHW,126,474,415,60,111,22,4,5,54,6,2,41,97,.267,.335,.376,.711,96,156,12,4,9,5,0,498765/H
213,Luis Garcia\garcilu05,24,HOU,3,6,6,0,0,0,0,0,0,0,0,0,1,.000,.000,.000,.000,-100,0,0,0,0,0,0,1
214,Robel Garcia#\garciro02,28,HOU,46,117,106,8,16,3,0,1,8,0,0,8,42,.151,.216,.208,.423,18,22,2,1,1,1,0,5H6/43D1
215,Rony Garcia\garciro03,23,DET,1,1,1,0,0,0,0,0,0,0,0,0,1,.000,.000,.000,.000,-100,0,0,0,0,0,0,/1
216,Yimi Garcia\garciyi01,30,HOU,3,0,0,0,0,0,0,0,0,0,0,0,0,,,,,,0,0,0,0,0,0,1
217,Brett Gardner*\gardnbr01,37,NYY,140,461,387,47,86,16,4,10,39,4,0,60,100,.222,.327,.362,.689,90,140,3,3,5,6,0,*87/H
218,Kyle Garlick\garliky01,29,MIN,36,107,99,17,23,8,0,5,10,1,0,6,32,.232,.280,.465,.745,102,46,2,1,0,1,0,97/H8D
219,Dustin Garneau\garnedu01,33,DET,20,68,62,9,13,5,0,6,11,0,0,3,18,.210,.250,.581,.831,123,36,2,1,0,2,0,2
220,Mitch Garver\garvemi01,30,MIN,68,243,207,29,53,15,0,13,34,1,1,31,71,.256,.358,.517,.875,139,107,4,3,0,2,0,2H/3D
221,Domingo German\germado01,28,NYY,2,3,2,0,0,0,0,0,0,0,0,0,2,.000,.000,.000,.000,-100,0,0,0,1,0,0,1
222,Kyle Gibson\gibsoky01,33,TEX,1,2,2,0,0,0,0,0,0,0,0,0,1,.000,.000,.000,.000,-100,0,0,0,0,0,0,1
223,Andres Gimenez*\gimenan01,22,CLE,68,210,188,23,41,10,0,5,16,11,0,11,54,.218,.282,.351,.633,73,66,1,7,1,3,0,64/HD
224,Lucas Giolito\giolilu01,26,CHW,2,4,4,0,1,0,0,0,0,0,0,0,3,.250,.250,.250,.500,39,1,0,0,0,0,0,1
225,Chris Gittens\gittech01,27,NYY,16,44,36,1,4,0,0,1,5,0,0,7,13,.111,.250,.194,.444,26,7,0,0,0,1,0,3/H
226,Tyler Glasnow*\glasnty01,27,TBR,1,2,2,0,0,0,0,0,0,0,0,0,2,.000,.000,.000,.000,-100,0,0,0,0,0,0,1
227,Jose Godoy*\godoyjo01,26,SEA,16,40,37,2,6,1,0,0,3,0,0,3,14,.162,.225,.189,.414,19,7,2,0,0,0,0,2/DH
228,Yan Gomes\gomesya01,33,OAK,40,140,131,19,29,4,0,5,17,0,0,6,31,.221,.264,.366,.631,75,48,3,2,0,1,0,2/HD
229,Marco Gonzales*\gonzama02,29,SEA,2,4,4,0,0,0,0,0,0,0,0,0,2,.000,.000,.000,.000,-100,0,0,0,0,0,0,1
230,Luis Gonzalez*\gonzalu03,25,CHW,6,11,8,2,2,2,0,0,0,0,0,3,2,.250,.455,.500,.955,163,4,1,0,0,0,0,/97H
231,Marwin Gonzalez#\gonzama01,32,TOT,91,307,276,30,55,14,0,5,28,3,2,20,78,.199,.275,.304,.579,55,84,8,9,1,1,0,43765H/D91
232,Marwin Gonzalez#\gonzama01,32,BOS,77,271,242,25,49,14,0,2,20,3,2,19,70,.202,.281,.285,.567,52,69,5,8,1,1,0,4376/H591
233,Marwin Gonzalez#\gonzama01,32,HOU,14,36,34,5,6,0,0,3,8,0,0,1,8,.176,.222,.441,.663,76,15,3,1,0,0,0,/5H34D
234,Romy Gonzalez\gonzaro01,24,CHW,10,33,32,4,8,3,0,0,2,0,0,1,11,.250,.273,.344,.616,68,11,1,0,0,0,0,/5H94D716
235,Niko Goodrum#\goodrni01,29,DET,90,325,290,39,62,11,2,9,33,14,5,29,107,.214,.292,.359,.651,82,104,6,4,0,2,0,6H/4873D
236,Brian Goodwin*\goodwbr01,30,CHW,72,271,235,33,52,10,1,8,29,1,0,33,58,.221,.319,.374,.693,90,88,2,1,1,1,0,98/7HD
237,Nick Gordon*\gordoni01,25,MIN,73,216,200,19,48,9,1,4,23,10,1,12,55,.240,.292,.355,.647,79,71,7,3,0,1,0,846H7/59
238,Phil Gosselin\gosseph01,32,LAA,104,373,345,40,90,14,0,7,47,4,2,24,81,.261,.314,.362,.676,85,125,3,3,0,1,0,753H/4D9
239,Yasmani Grandal#\grandya01,32,CHW,93,375,279,60,67,9,0,23,62,0,0,87,82,.240,.420,.520,.939,157,145,15,3,1,5,0,2/D3H
240,Kendall Graveman\graveke01,30,TOT,7,0,0,0,0,0,0,0,0,0,0,0,0,,,,,,0,0,0,0,0,0,1
241,Kendall Graveman\graveke01,30,SEA,3,0,0,0,0,0,0,0,0,0,0,0,0,,,,,,0,0,0,0,0,0,1
242,Kendall Graveman\graveke01,30,HOU,4,0,0,0,0,0,0,0,0,0,0,0,0,,,,,,0,0,0,0,0,0,1
243,Chad Green*\greench03,30,NYY,5,0,0,0,0,0,0,0,0,0,0,0,0,,,,,,0,0,0,0,0,0,1
244,Conner Greene\greenco01,26,BAL,2,0,0,0,0,0,0,0,0,0,0,0,0,,,,,,0,0,0,0,0,0,1
245,Grayson Greiner\greingr01,28,DET,31,82,72,7,17,4,0,1,7,0,0,9,31,.236,.321,.333,.654,85,24,0,0,1,0,0,2/H
246,Zack Greinke\greinza01,37,HOU,1,2,2,0,0,0,0,0,0,0,0,0,1,.000,.000,.000,.000,-100,0,0,0,0,0,0,1
247,Randal Grichuk\grichra01,29,TOR,149,545,511,59,123,25,1,22,81,0,3,27,114,.241,.281,.423,.703,89,216,17,3,0,4,0,*89D/H
248,Robbie Grossman#\grossro01,31,DET,156,671,557,88,133,23,3,23,67,20,5,98,155,.239,.357,.415,.772,116,231,8,8,2,6,3,*79/DH
249,Deolis Guerra\guerrde01,32,OAK,5,0,0,0,0,0,0,0,0,0,0,0,0,,,,,,0,0,0,0,0,0,1
250,Junior Guerra\guerrju02,36,LAA,5,2,2,0,0,0,0,0,0,0,0,0,1,.000,.000,.000,.000,-100,0,0,0,0,0,0,1/H
251,Vladimir Guerrero Jr.\guerrvl02,22,TOR,161,698,604,123,188,29,1,48,111,4,1,86,110,.311,.401,.601,1.002,169,363,20,6,0,2,7,*3D/5
252,Lourdes Gurriel Jr.\gurrilo01,27,TOR,141,541,500,62,138,28,2,21,84,1,3,32,102,.276,.319,.466,.785,111,233,8,2,1,6,1,*7D3/H
253,Yuli Gurriel\gourryu01,37,HOU,143,605,530,83,169,31,0,15,81,1,1,59,68,.319,.383,.462,.846,131,245,16,4,0,12,2,*3/5D
254,Kelvin Gutierrez\gutieke01,26,TOT,85,295,272,23,63,8,3,3,20,0,1,19,76,.232,.292,.316,.608,65,86,4,4,0,0,0,5/H34
255,Kelvin Gutierrez\gutieke01,26,KCR,38,142,135,9,29,4,2,1,8,0,1,6,31,.215,.254,.296,.550,48,40,3,1,0,0,0,5/3H
256,Kelvin Gutierrez\gutieke01,26,BAL,47,153,137,14,34,4,1,2,12,0,0,13,45,.248,.327,.336,.663,82,46,1,3,0,0,0,5/4H
257,Ronald Guzman*\guzmaro01,26,TEX,7,17,16,1,1,0,0,1,1,0,0,1,6,.063,.118,.250,.368,-2,4,0,0,0,0,0,/37HD
258,Eric Haase\haaseer01,28,DET,98,381,351,48,81,12,1,22,61,2,0,26,119,.231,.286,.459,.745,104,161,11,2,0,2,0,27D/H3
259,Sam Haggerty#\haggesa01,27,SEA,35,94,86,15,16,3,0,2,5,5,1,6,28,.186,.247,.291,.538,51,25,1,1,1,0,0,7/H948D
260,Billy Hamilton#\hamilbi02,30,CHW,71,135,127,23,28,8,3,2,11,9,0,4,47,.220,.242,.378,.620,67,48,1,0,3,1,0,87H/D9
261,Brad Hand*\handbr01,31,TOR,1,0,0,0,0,0,0,0,0,0,0,0,0,,,,,,0,0,0,0,0,0,1
262,Eric Hanhold\hanhoer01,27,BAL,2,0,0,0,0,0,0,0,0,0,0,0,0,,,,,,0,0,0,0,0,0,1
263,Mitch Haniger\hanigmi01,30,SEA,157,691,620,110,157,23,2,39,100,1,0,54,169,.253,.318,.485,.804,122,301,12,9,0,8,2,*9D
264,Josh Harrison\harrijo05,33,OAK,48,199,185,19,47,10,0,2,22,4,3,6,25,.254,.296,.341,.637,79,63,5,6,0,2,0,45/67H
265,Matt Harvey\harvema01,32,BAL,3,6,5,0,0,0,0,0,0,0,0,0,3,.000,.000,.000,.000,-100,0,0,0,1,0,0,1
266,Austin Hays\haysau01,25,BAL,131,529,488,73,125,26,4,22,71,4,3,28,107,.256,.308,.461,.769,106,225,9,9,3,1,0,*79/H8
267,Andrew Heaney*\heanean01,30,TOT,3,4,3,1,1,0,0,0,0,0,0,1,2,.333,.500,.333,.833,137,1,0,0,0,0,0,1
268,Andrew Heaney*\heanean01,30,LAA,1,3,2,1,1,0,0,0,0,0,0,1,1,.500,.667,.500,1.167,228,1,0,0,0,0,0,1
269,Andrew Heaney*\heanean01,30,NYY,2,1,1,0,0,0,0,0,0,0,0,0,1,.000,.000,.000,.000,-100,0,0,0,0,0,0,1
270,Taylor Hearn*\hearnta01,26,TEX,2,0,0,0,0,0,0,0,0,0,0,0,0,,,,,,0,0,0,0,0,0,1
271,Austin Hedges\hedgeau01,28,CLE,88,312,286,32,51,7,0,10,31,1,0,15,87,.178,.220,.308,.527,43,88,7,1,7,3,1,2/H
272,Jonah Heim#\heimjo01,26,TEX,82,285,265,22,52,13,0,10,32,3,1,15,58,.196,.239,.358,.598,63,95,8,1,1,3,0,2/DH
273,Liam Hendriks\hendrli01,32,CHW,6,0,0,0,0,0,0,0,0,0,0,0,0,,,,,,0,0,0,0,0,0,1
274,Sam Hentges*\hentgsa01,24,CLE,1,1,1,0,0,0,0,0,0,0,0,0,1,.000,.000,.000,.000,-100,0,0,0,0,0,0,1
275,Jimmy Herget\hergeji01,27,TOT,2,0,0,0,0,0,0,0,0,0,0,0,0,,,,,,0,0,0,0,0,0,1
276,Jimmy Herget\hergeji01,27,LAA,2,0,0,0,0,0,0,0,0,0,0,0,0,,,,,,0,0,0,0,0,0,1
277,Carlos Hernandez\hernaca04,24,KCR,1,4,4,0,0,0,0,0,0,0,0,0,4,.000,.000,.000,.000,-100,0,0,0,0,0,0,1
278,Cesar Hernandez#\hernace02,31,TOT,149,637,570,84,132,21,2,21,62,1,1,59,135,.232,.308,.386,.694,89,220,11,5,0,3,2,*4/D6
279,Cesar Hernandez#\hernace02,31,CLE,96,420,376,60,87,17,2,18,47,0,0,38,90,.231,.307,.431,.738,100,162,6,4,0,2,0,4/D
280,Cesar Hernandez#\hernace02,31,CHW,53,217,194,24,45,4,0,3,15,1,1,21,45,.232,.309,.299,.608,69,58,5,1,0,1,2,4/6
281,Darwinzon Hernandez*\hernada02,24,BOS,5,0,0,0,0,0,0,0,0,0,0,0,0,,,,,,0,0,0,0,0,0,1
282,Enrique Hernandez\hernaen02,29,BOS,134,585,508,84,127,35,3,20,60,1,0,61,110,.250,.337,.449,.786,107,228,4,9,0,7,0,84/6H
283,Teoscar Hernandez\hernate01,28,TOR,143,595,550,92,163,29,0,32,116,12,4,36,148,.296,.346,.524,.870,133,288,5,7,0,2,1,*97D/8H
284,Yonny Hernandez#\hernayo02,23,TEX,43,166,143,15,31,5,0,0,6,11,2,17,32,.217,.315,.252,.567,61,36,2,4,1,1,0,5/46DH
285,Codi Heuer\heuerco01,24,CHW,1,0,0,0,0,0,0,0,0,0,0,0,0,,,,,,0,0,0,0,0,0,1
286,Aaron Hicks#\hicksaa01,31,NYY,32,126,108,13,21,3,0,4,14,0,0,14,30,.194,.294,.333,.627,73,36,3,2,0,2,0,8/H
287,John Hicks\hicksjo02,31,TEX,10,31,31,6,8,1,0,4,7,0,0,0,8,.258,.258,.677,.935,146,21,1,0,0,0,0,/2D
288,Kyle Higashioka\higasky01,31,NYY,67,211,193,20,35,10,0,10,29,0,0,17,59,.181,.246,.389,.635,71,75,4,0,0,1,0,2/H
289,Derek Hill\hillde01,25,DET,49,150,139,19,36,3,3,3,14,6,3,10,42,.259,.313,.388,.702,96,54,2,1,0,0,0,8/HD
290,Rich Hill*\hillri01,41,TBR,3,4,4,0,1,0,0,0,0,0,0,0,2,.250,.250,.250,.500,44,1,0,0,0,0,0,1
291,Derek Holland#\hollade01,34,DET,4,0,0,0,0,0,0,0,0,0,0,0,0,,,,,,0,0,0,0,0,0,1
292,Greg Holland\hollagr01,35,KCR,6,0,0,0,0,0,0,0,0,0,0,0,0,,,,,,0,0,0,0,0,0,1
293,Clay Holmes\holmecl01,28,NYY,5,0,0,0,0,0,0,0,0,0,0,0,0,,,,,,0,0,0,0,0,0,1
294,Brock Holt*\holtbr01,33,TEX,76,260,235,21,49,13,1,2,23,5,1,23,49,.209,.281,.298,.579,61,70,5,1,0,1,0,5H/D1
295,Tanner Houck\houckta01,25,BOS,1,1,1,0,0,0,0,0,0,0,0,0,1,.000,.000,.000,.000,-100,0,0,0,0,0,0,1
296,Spencer Howard\howarsp01,24,TEX,1,0,0,0,0,0,0,0,0,0,0,0,0,,,,,,0,0,0,0,0,0,/1
297,Jared Hoying*\hoyinja01,32,TOR,2,3,3,0,0,0,0,0,0,0,0,0,1,.000,.000,.000,.000,-100,0,0,0,0,0,0,/7H
298,James Hoyt\hoytja01,34,LAA,1,0,0,0,0,0,0,0,0,0,0,0,0,,,,,,0,0,0,0,0,0,/1
299,Drew Hutchison*\hutchdr01,30,DET,1,1,1,0,0,0,0,0,0,0,0,0,0,.000,.000,.000,.000,-100,0,0,0,0,0,0,/1
300,Andy Ibáñez\ibanean01,28,TEX,76,272,253,31,70,15,2,7,25,0,0,15,35,.277,.321,.435,.756,107,110,6,2,1,1,0,4D35H/7
301,José Iglesias\iglesjo01,31,TOT,137,511,483,65,131,27,2,9,48,5,2,21,75,.271,.309,.391,.701,90,189,10,6,0,1,0,*64/HD
302,José Iglesias\iglesjo01,31,LAA,114,447,424,57,110,23,1,8,41,5,2,18,66,.259,.295,.375,.670,82,159,10,4,0,1,0,*6/H
303,José Iglesias\iglesjo01,31,BOS,23,64,59,8,21,4,1,1,7,0,0,3,9,.356,.406,.508,.915,142,30,0,2,0,0,0,4/6HD
304,Raisel Iglesias\iglesra01,31,LAA,16,0,0,0,0,0,0,0,0,0,0,0,0,,,,,,0,0,0,0,0,0,1
305,Cole Irvin*\irvinco01,27,OAK,2,7,5,0,1,0,0,0,1,0,0,0,2,.200,.200,.200,.400,14,1,0,0,2,0,0,1
306,Kyle Isbel*\isbelky01,24,KCR,28,83,76,16,21,5,2,1,7,2,0,7,23,.276,.337,.434,.772,107,33,0,0,0,0,0,9/87HD
307,Josh James\jamesjo02,28,HOU,1,0,0,0,0,0,0,0,0,0,0,0,0,,,,,,0,0,0,0,0,0,/1
308,Danny Jansen\janseda01,26,TOR,70,205,184,32,41,13,0,11,28,0,0,17,44,.223,.299,.473,.772,106,87,4,3,1,0,0,2/H
309,Cristian Javier\javiecr01,24,HOU,2,0,0,0,0,0,0,0,0,0,0,0,0,,,,,,0,0,0,0,0,0,1
310,Griffin Jax\jaxgr01,26,MIN,2,3,3,0,0,0,0,0,0,0,0,0,2,.000,.000,.000,.000,-100,0,0,0,0,0,0,1
311,Jon Jay*\jayjo02,36,LAA,5,14,14,2,5,0,0,0,1,0,0,0,2,.357,.357,.357,.714,97,5,0,0,0,0,0,/7
312,Ryan Jeffers\jeffery01,24,MIN,85,293,267,28,53,10,1,14,35,0,1,22,108,.199,.270,.401,.670,83,107,6,4,0,0,0,2/H
313,Eloy Jimenez\jimenel02,24,CHW,55,231,213,23,53,10,0,10,37,0,0,16,57,.249,.303,.437,.740,100,93,8,1,0,1,0,7D
314,Joe Jimenez\jimenjo02,26,DET,6,0,0,0,0,0,0,0,0,0,0,0,0,,,,,,0,0,0,0,0,0,1
315,Daniel Johnson*\johnsda07,25,CLE,30,81,77,9,17,0,0,4,5,1,0,4,27,.221,.259,.377,.636,72,29,0,0,0,0,0,9/7HD
316,JaCoby Jones\jonesja07,29,DET,36,105,100,9,17,2,0,2,9,2,2,5,42,.170,.210,.250,.460,29,25,2,0,0,0,0,8/H7D
317,Jahmai Jones\jonesja08,23,BAL,26,72,67,5,10,3,0,0,3,1,0,4,26,.149,.208,.194,.402,11,13,1,1,0,0,0,4/H
318,Taylor Jones\jonesta01,27,HOU,35,108,102,11,25,8,1,2,16,0,0,4,29,.245,.269,.402,.670,81,41,5,0,0,2,0,3D7/H
319,Aaron Judge\judgeaa01,29,NYY,148,633,550,89,158,24,0,39,98,6,1,75,158,.287,.373,.544,.916,149,299,16,3,0,5,2,*98D/H
320,Jakob Junis\junisja01,28,KCR,1,2,1,0,0,0,0,0,0,0,0,0,1,.000,.000,.000,.000,-100,0,0,0,1,0,0,1
321,James Kaprielian\kaprija01,27,OAK,2,4,3,1,1,0,0,0,0,0,0,0,2,.333,.333,.333,.667,90,1,0,0,1,0,0,1
322,James Karinchak\karinja01,25,CLE,6,0,0,0,0,0,0,0,0,0,0,0,0,,,,,,0,0,0,0,0,0,1
323,Jarred Kelenic*\kelenja01,21,SEA,93,377,337,41,61,13,1,14,43,6,4,36,106,.181,.265,.350,.615,72,118,5,3,0,1,0,87/9H
324,Brad Keller\kellebr01,25,KCR,3,7,5,0,0,0,0,0,0,0,0,0,3,.000,.000,.000,.000,-100,0,0,0,2,0,0,1
325,Tony Kemp*\kempto01,29,OAK,131,397,330,54,92,16,3,8,37,8,2,52,51,.279,.382,.418,.800,126,138,2,6,4,5,0,47H/D6
326,Ian Kennedy\kenneia01,36,TEX,1,0,0,0,0,0,0,0,0,0,0,0,0,,,,,,0,0,0,0,0,0,1
327,Max Kepler*\keplema01,28,MIN,121,490,426,61,90,21,4,19,54,10,0,54,96,.211,.306,.413,.719,98,176,2,6,0,4,3,*98/HD
328,Dallas Keuchel*\keuchda01,33,CHW,1,2,2,0,0,0,0,0,0,0,0,0,1,.000,.000,.000,.000,-100,0,0,0,0,0,0,1
329,Kevin Kiermaier*\kiermke01,31,TBR,122,390,348,54,90,19,7,4,37,9,5,33,99,.259,.328,.388,.716,104,135,4,5,0,4,2,*8/HD
330,Yusei Kikuchi*\kikucyu01,30,SEA,1,2,2,0,0,0,0,0,0,0,0,0,2,.000,.000,.000,.000,-100,0,0,0,0,0,0,1
331,Craig Kimbrel\kimbrcr01,33,CHW,2,0,0,0,0,0,0,0,0,0,0,0,0,,,,,,0,0,0,0,0,0,1
332,Isiah Kiner-Falefa\kineris01,26,TEX,158,677,635,74,172,25,3,8,53,20,5,28,90,.271,.312,.357,.670,85,227,11,11,1,2,2,*6/HD
333,John King*\kingjo01,26,TEX,3,1,1,0,0,0,0,0,0,0,0,0,0,.000,.000,.000,.000,-100,0,0,0,0,0,0,1
334,Michael King\kingmi01,26,NYY,1,0,0,0,0,0,0,0,0,0,0,0,0,,,,,,0,0,0,0,0,0,1
335,Alex Kirilloff*\kirilal01,23,MIN,59,231,215,23,54,11,1,8,34,1,1,14,52,.251,.299,.423,.722,98,91,3,1,0,1,2,397/H
336,Alejandro Kirk\kirkal01,22,TOR,60,189,165,19,40,8,0,8,24,0,0,19,22,.242,.328,.436,.764,107,72,7,3,0,2,0,2/DH
337,Andrew Kittredge\kittran01,31,TBR,5,0,0,0,0,0,0,0,0,0,0,0,0,,,,,,0,0,0,0,0,0,1
338,Corey Kluber\klubeco01,35,NYY,1,2,2,0,0,0,0,0,0,0,0,0,1,.000,.000,.000,.000,-100,0,0,0,0,0,0,1
339,Adam Kolarek*\kolarad01,32,OAK,1,0,0,0,0,0,0,0,0,0,0,0,0,,,,,,0,0,0,0,0,0,1
340,Michael Kopech\kopecmi01,25,CHW,4,1,1,0,0,0,0,0,0,0,0,0,0,.000,.000,.000,.000,-100,0,0,0,0,0,0,1
341,Pete Kozma\kozmape01,33,OAK,3,12,11,0,1,0,0,0,0,0,0,1,4,.091,.167,.091,.258,-24,1,0,0,0,0,0,/6
342,Brooks Kriske\kriskbr01,27,TOT,1,0,0,0,0,0,0,0,0,0,0,0,0,,,,,,0,0,0,0,0,0,1
343,Brooks Kriske\kriskbr01,27,BAL,1,0,0,0,0,0,0,0,0,0,0,0,0,,,,,,0,0,0,0,0,0,/1
344,Jack Kruger\krugeja01,26,LAA,1,0,0,0,0,0,0,0,0,0,0,0,0,,,,,,0,0,0,0,0,0,/2
345,Juan Lagares\lagarju01,32,LAA,112,327,309,39,73,20,2,6,38,1,2,12,76,.236,.266,.372,.638,72,115,8,1,4,1,0,*897/H
346,Travis Lakins\lakintr01,27,BAL,1,0,0,0,0,0,0,0,0,0,0,0,0,,,,,,0,0,0,0,0,0,1
347,Ryan LaMarre\lamarry01,32,NYY,9,24,21,3,4,0,0,2,4,1,0,2,6,.190,.292,.476,.768,107,10,1,1,0,0,0,/798H
348,Jake Lamb*\lambja01,30,TOT,55,170,144,25,28,4,0,7,19,0,0,22,51,.194,.306,.368,.674,84,53,4,2,0,2,0,57H/9D3
349,Jake Lamb*\lambja01,30,CHW,43,131,113,20,24,2,0,6,13,0,0,17,38,.212,.321,.389,.710,94,44,4,1,0,0,0,7/9H5D3
350,Jake Lamb*\lambja01,30,TOR,12,39,31,5,4,2,0,1,6,0,0,5,13,.129,.256,.290,.547,50,9,0,1,0,2,0,5/HD3
351,Alex Lange\langeal01,25,DET,3,0,0,0,0,0,0,0,0,0,0,0,0,,,,,,0,0,0,0,0,0,1
352,Trevor Larnach*\larnatr01,24,MIN,79,301,260,29,58,12,0,7,28,1,0,31,104,.223,.322,.350,.672,88,91,3,8,0,2,0,79/H
353,Ramon Laureano\laurera01,26,OAK,88,378,341,43,84,21,2,14,39,12,5,27,98,.246,.317,.443,.760,111,151,4,9,0,1,0,8/9DH
354,Ryan Lavarnway\lavarry01,33,CLE,9,30,28,2,7,3,0,0,0,0,0,1,10,.250,.276,.357,.633,72,10,0,0,1,0,0,/2H
355,DJ LeMahieu\lemahdj01,32,NYY,150,679,597,84,160,24,1,10,57,4,2,73,94,.268,.349,.362,.711,97,216,16,4,0,5,2,435/HD
356,Kyle Lewis\lewisky01,25,SEA,36,147,130,15,32,4,0,5,11,2,0,16,37,.246,.333,.392,.726,104,51,1,1,0,0,0,8/D
357,Domingo Leyba#\leybado01,25,BAL,21,72,65,6,10,1,0,1,4,0,0,6,16,.154,.236,.215,.451,25,14,3,1,0,0,0,4/5
358,Tzu-Wei Lin*\lintz02,27,MIN,1,0,0,0,0,0,0,0,0,0,0,0,0,,,,,,0,0,0,0,0,0,/7
359,Jonathan Loaisiga\loaisjo01,26,NYY,5,0,0,0,0,0,0,0,0,0,0,0,0,,,,,,0,0,0,0,0,0,1
360,Tim Locastro\locasti01,28,NYY,9,23,21,4,4,2,0,1,2,0,0,1,7,.190,.217,.429,.646,72,9,0,0,0,1,0,/78
361,Shed Long*\longsh01,25,SEA,34,121,111,13,22,4,1,4,17,1,0,9,39,.198,.258,.360,.619,72,40,3,0,1,0,0,74/HD
362,Jack Lopez\lopezja03,28,BOS,7,16,13,2,2,2,0,0,0,0,0,1,6,.154,.214,.308,.522,37,4,0,0,2,0,0,/4H
363,Jorge Lopez\lopezjo02,28,BAL,1,2,2,0,0,0,0,0,0,0,0,0,1,.000,.000,.000,.000,-100,0,0,0,0,0,0,1
364,Nicky Lopez*\lopezni01,26,KCR,151,565,497,78,149,21,6,2,43,22,1,49,74,.300,.365,.378,.744,102,188,9,4,12,3,0,*6/4H
365,Otto Lopez\lopezot01,22,TOR,1,1,1,0,0,0,0,0,0,0,0,0,1,.000,.000,.000,.000,-100,0,0,0,0,0,0,/H
366,Reynaldo Lopez\lopezre01,27,CHW,3,0,0,0,0,0,0,0,0,0,0,0,0,,,,,,0,0,0,0,0,0,1
367,Richard Lovelady*\lovelri01,25,KCR,3,0,0,0,0,0,0,0,0,0,0,0,0,,,,,,0,0,0,0,0,0,1
368,Brandon Lowe*\lowebr01,26,TBR,149,615,535,97,132,31,0,39,99,7,1,68,167,.247,.340,.523,.863,142,280,2,9,0,3,4,*4H7/9D3
369,Josh Lowe*\lowejo01,23,TBR,2,2,1,0,1,0,0,0,0,1,0,1,0,1.000,1.000,1.000,2.000,477,1,0,0,0,0,0,/79
370,Nathaniel Lowe*\lowena01,25,TEX,157,642,557,75,147,24,3,18,72,8,0,80,162,.264,.357,.415,.771,113,231,13,2,0,3,2,*3/DH5
371,Jed Lowrie#\lowrije01,37,OAK,139,512,457,55,112,28,0,14,69,0,0,49,108,.245,.318,.398,.717,101,182,8,2,0,4,1,4DH/5
372,Lucas Luetge*\luetglu01,34,NYY,3,0,0,0,0,0,0,0,0,0,0,0,0,,,,,,0,0,0,0,0,0,1
373,Jordan Luplow\luplojo01,27,TOT,61,193,163,23,33,8,0,11,28,1,2,28,57,.202,.326,.454,.780,115,74,2,2,0,0,0,83H9/7D451
374,Jordan Luplow\luplojo01,27,CLE,36,121,98,12,17,5,0,7,20,0,2,21,31,.173,.331,.439,.769,109,43,1,2,0,0,0,89/H7D
375,Jordan Luplow\luplojo01,27,TBR,25,72,65,11,16,3,0,4,8,1,0,7,26,.246,.319,.477,.796,123,31,1,0,0,0,0,3/HD7451
376,Jesus Luzardo*\luzarje01,23,OAK,2,1,1,0,0,0,0,0,0,0,0,0,0,.000,.000,.000,.000,-100,0,0,0,0,0,0,1
377,Jordan Lyles\lylesjo01,30,TEX,3,6,6,0,0,0,0,0,0,0,0,0,5,.000,.000,.000,.000,-100,0,0,0,0,0,0,1
378,Lance Lynn#\lynnla01,34,CHW,2,5,5,0,1,0,0,0,2,0,0,0,3,.200,.200,.200,.400,11,1,0,0,0,0,0,1
379,Vimael Machin*\machivi01,27,OAK,15,37,32,1,4,0,0,0,1,0,0,3,10,.125,.200,.125,.325,-5,4,2,0,2,0,0,/645H
380,Nick Madrigal\madrini01,24,CHW,54,215,200,30,61,10,4,2,21,1,2,11,17,.305,.349,.425,.774,112,85,3,3,0,1,0,4/DH
381,Kenta Maeda\maedake01,33,MIN,4,4,3,2,1,0,0,0,0,0,0,0,1,.333,.333,.333,.667,87,1,0,0,1,0,0,1/HD
382,Martin Maldonado\maldoma01,34,HOU,125,426,373,40,64,10,1,12,36,0,0,47,127,.172,.272,.300,.573,58,112,9,5,0,1,1,*2/3H
383,Sean Manaea\manaese01,29,OAK,2,5,4,0,2,1,0,0,0,0,0,0,1,.500,.500,.750,1.250,246,3,0,0,1,0,0,1
384,Trey Mancini\mancitr01,29,BAL,147,616,556,77,142,33,1,21,71,0,0,51,143,.255,.326,.432,.758,104,240,19,8,0,1,4,3D/H
385,Matt Manning\mannima02,23,DET,1,1,1,0,0,0,0,0,0,0,0,0,1,.000,.000,.000,.000,-100,0,0,0,0,0,0,1
386,Alek Manoah\manoaal01,23,TOR,1,1,1,0,0,0,0,0,0,0,0,0,1,.000,.000,.000,.000,-100,0,0,0,0,0,0,1
387,Manuel Margot\margoma01,26,TBR,125,464,421,55,107,18,3,10,57,13,8,37,70,.254,.313,.382,.696,98,161,4,1,1,4,2,*987H/D
388,Jose Marmolejos*\marmojo01,28,SEA,41,122,106,11,17,4,0,4,12,0,0,15,39,.160,.262,.311,.574,61,33,0,0,0,1,0,37/HD9
389,Brandon Marsh*\marshbr02,23,LAA,70,260,236,27,60,12,3,2,19,6,1,20,91,.254,.317,.356,.673,84,84,3,2,1,1,0,8
390,Starling Marte\martest01,32,OAK,56,251,234,37,74,16,2,5,30,25,2,11,42,.316,.359,.466,.824,130,109,4,5,0,1,0,8
391,Brett Martin*\martibr01,26,TEX,6,0,0,0,0,0,0,0,0,0,0,0,0,,,,,,0,0,0,0,0,0,1
392,Jason Martin*\martija03,25,TEX,58,154,144,14,30,3,0,6,17,3,1,8,41,.208,.248,.354,.603,64,51,1,0,1,1,0,7H/89D
393,Richie Martin\martiri01,26,BAL,37,105,98,9,23,2,0,1,8,0,2,4,28,.235,.269,.286,.555,52,28,1,1,1,1,0,6/H
394,J.D. Martinez\martijd02,33,BOS,148,634,570,92,163,42,3,28,99,0,0,55,150,.286,.349,.518,.867,126,295,18,3,0,5,6,*D7/9
395,Jorge Mateo\mateojo01,26,BAL,32,116,107,9,30,7,1,2,8,5,3,7,28,.280,.328,.421,.748,102,45,0,1,0,1,0,46/57H9
396,Phil Maton\matonph01,28,TOT,8,1,1,0,0,0,0,0,0,0,0,0,0,.000,.000,.000,.000,-100,0,0,0,0,0,0,1
397,Phil Maton\matonph01,28,CLE,4,1,1,0,0,0,0,0,0,0,0,0,0,.000,.000,.000,.000,-100,0,0,0,0,0,0,1
398,Phil Maton\matonph01,28,HOU,4,0,0,0,0,0,0,0,0,0,0,0,0,,,,,,0,0,0,0,0,0,1
399,Steven Matz\matzst01,30,TOR,1,2,2,0,0,0,0,0,0,0,0,0,1,.000,.000,.000,.000,-100,0,0,0,0,0,0,1
400,Mike Mayers\mayermi01,29,LAA,10,0,0,0,0,0,0,0,0,0,0,0,0,,,,,,0,0,0,0,0,0,1
401,Jack Mayfield\mayfija01,30,TOT,86,290,266,30,58,15,0,10,39,5,0,17,68,.218,.272,.387,.659,78,103,6,3,3,1,0,56/4H1
402,Jack Mayfield\mayfija01,30,LAA,75,255,232,28,52,14,0,10,36,5,0,16,58,.224,.282,.414,.696,87,96,4,3,3,1,0,56/H
403,Jack Mayfield\mayfija01,30,SEA,11,35,34,2,6,1,0,0,3,0,0,1,10,.176,.200,.206,.406,15,7,2,0,0,0,0,/451
404,Tim Mayza*\mayzati01,29,TOR,6,0,0,0,0,0,0,0,0,0,0,0,0,,,,,,0,0,0,0,0,0,1
405,Nomar Mazara*\mazarno01,26,DET,50,181,165,12,35,5,2,3,19,0,0,15,45,.212,.276,.321,.597,67,53,4,0,0,1,0,9/DH
406,Ryan McBroom\mcbrory01,29,KCR,7,9,8,1,2,0,0,0,0,0,0,1,6,.250,.333,.250,.583,62,2,0,0,0,0,0,/HD
407,Darren McCaughan\mccauda01,25,SEA,1,2,2,0,0,0,0,0,0,0,0,0,0,.000,.000,.000,.000,-100,0,0,0,0,0,0,/1
408,Chas McCormick\mccorch01,26,HOU,108,320,284,47,73,12,0,14,50,4,2,25,104,.257,.319,.447,.766,107,127,5,4,0,7,0,789H/D
409,Lance McCullers Jr.*\mcculla02,27,HOU,3,4,4,0,0,0,0,0,0,0,0,0,3,.000,.000,.000,.000,-100,0,0,0,0,0,0,1/H
410,Reese McGuire*\mcguire01,26,TOR,78,217,198,22,50,15,0,1,10,0,0,15,44,.253,.310,.343,.654,79,68,4,2,1,1,0,2/HD
411,Collin McHugh\mchugco01,34,TBR,3,0,0,0,0,0,0,0,0,0,0,0,0,,,,,,0,0,0,0,0,0,1
412,Ryan McKenna\mckenry01,24,BAL,90,197,169,20,31,6,1,2,14,1,0,24,74,.183,.292,.266,.559,54,45,1,2,2,0,0,7H89/D45
413,Triston McKenzie\mckentr01,23,CLE,1,2,2,0,1,0,0,0,0,0,0,0,0,.500,.500,.500,1.000,177,1,0,0,0,0,0,1
414,Alex McRae\mcraeal01,28,CHW,1,0,0,0,0,0,0,0,0,0,0,0,0,,,,,,0,0,0,0,0,0,/1
415,Austin Meadows*\meadoau01,26,TBR,142,591,518,79,121,29,3,27,106,4,3,59,122,.234,.315,.458,.772,117,237,4,6,0,8,3,7DH/9
416,John Means*\meansjo01,28,BAL,2,5,5,0,1,1,0,0,0,0,0,0,2,.200,.200,.400,.600,57,2,0,0,0,0,0,1
417,Francisco Mejia#\mejiafr01,25,TBR,84,277,250,31,65,15,3,6,35,0,0,17,49,.260,.322,.416,.738,109,104,4,7,1,2,0,2/HD31
418,J.C. Mejia\mejiaje02,24,CLE,2,1,1,0,0,0,0,0,0,0,0,0,1,.000,.000,.000,.000,-100,0,0,0,0,0,0,1
419,Danny Mendick\mendida01,27,CHW,71,186,164,14,36,5,0,2,20,0,1,18,42,.220,.303,.287,.589,64,47,1,2,1,1,0,46/H9578D1
420,Oscar Mercado\mercaos01,26,CLE,72,238,214,27,48,11,1,6,19,7,1,21,42,.224,.300,.369,.669,83,79,1,2,1,0,0,79H/8
421,Yermin Mercedes\merceye01,28,CHW,68,262,240,26,65,9,1,7,37,0,1,20,46,.271,.328,.404,.732,100,97,7,1,0,1,1,D/H231
422,Whit Merrifield\merriwh01,32,KCR,162,720,664,97,184,42,3,10,74,40,4,40,103,.277,.317,.395,.711,91,262,12,4,0,12,1,*49/D7
423,Jake Meyers\meyerja02,25,HOU,49,163,146,22,38,8,0,6,28,3,0,10,50,.260,.323,.438,.761,107,64,0,4,2,1,0,8/H79D
424,Keynan Middleton\middlke01,27,SEA,2,0,0,0,0,0,0,0,0,0,0,0,0,,,,,,0,0,0,0,0,0,1
425,Owen Miller\milleow01,24,CLE,60,202,191,17,39,8,0,4,18,2,0,9,54,.204,.243,.309,.551,50,59,7,1,0,1,0,43/5HD6
426,Wyatt Mills\millswy01,26,SEA,3,0,0,0,0,0,0,0,0,0,0,0,0,,,,,,0,0,0,0,0,0,1
427,Juan Minaya\minayju01,30,MIN,3,0,0,0,0,0,0,0,0,0,0,0,0,,,,,,0,0,0,0,0,0,1
428,Mike Minor\minormi01,33,KCR,3,7,7,0,0,0,0,0,0,0,0,0,4,.000,.000,.000,.000,-100,0,0,0,0,0,0,1
429,Anthony Misiewicz\misiean01,26,SEA,3,0,0,0,0,0,0,0,0,0,0,0,0,,,,,,0,0,0,0,0,0,1
430,Casey Mize\mizeca01,24,DET,2,3,2,0,0,0,0,0,1,0,0,1,1,.000,.333,.000,.333,7,0,0,0,0,0,0,1
431,Yoan Moncada#\moncayo01,26,CHW,144,616,520,74,137,33,1,14,61,3,2,84,157,.263,.375,.412,.787,117,214,6,10,0,2,1,*5/D
432,Adalberto Mondesi#\mondera02,25,KCR,35,136,126,19,29,8,1,6,17,15,1,6,43,.230,.271,.452,.723,90,57,2,1,3,0,0,56/DH
433,Frankie Montas\montafr02,28,OAK,2,4,4,0,0,0,0,0,0,0,0,0,3,.000,.000,.000,.000,-100,0,0,0,0,0,0,1
434,Rafael Montero\montera01,30,TOT,3,0,0,0,0,0,0,0,0,0,0,0,0,,,,,,0,0,0,0,0,0,1
435,Rafael Montero\montera01,30,SEA,1,0,0,0,0,0,0,0,0,0,0,0,0,,,,,,0,0,0,0,0,0,1
436,Rafael Montero\montera01,30,HOU,2,0,0,0,0,0,0,0,0,0,0,0,0,,,,,,0,0,0,0,0,0,/1
437,Jordan Montgomery*\montgjo01,28,NYY,3,4,4,0,0,0,0,0,0,0,0,0,4,.000,.000,.000,.000,-100,0,0,0,0,0,0,1
438,Dylan Moore\mooredy01,28,SEA,126,377,332,42,60,11,2,12,43,21,5,40,111,.181,.276,.334,.610,71,111,6,4,0,1,0,47H5/96D
439,Mitch Moreland*\morelmi01,35,OAK,81,252,229,28,52,11,1,10,30,0,0,18,58,.227,.286,.415,.701,94,95,5,2,0,3,0,DH/31
440,Eli Morgan\morgael01,25,CLE,1,2,2,0,0,0,0,0,0,0,0,0,2,.000,.000,.000,.000,-100,0,0,0,0,0,0,1
441,Taylor Motter\motteta01,31,BOS,3,7,6,3,2,1,1,0,1,0,0,1,2,.333,.429,.833,1.262,224,5,0,0,0,0,0,/4H
442,Ryan Mountcastle\mountry01,24,BAL,144,586,534,77,136,23,1,33,89,4,3,41,161,.255,.309,.487,.796,112,260,12,4,0,7,2,3D7/H
443,Cedric Mullins*\mullice01,26,BAL,159,675,602,91,175,37,5,30,59,30,8,59,125,.291,.360,.518,.878,135,312,2,8,1,4,3,*8/HD
444,Yairo Munoz\munozya01,26,BOS,5,11,11,0,1,0,0,0,0,0,0,0,2,.091,.091,.091,.182,-51,1,0,0,0,0,0,/47H
445,Sean Murphy\murphse01,26,OAK,119,448,393,47,85,23,0,17,59,0,0,40,114,.216,.306,.405,.710,98,159,7,12,0,3,0,*2/HD
446,Tom Murphy\murphto04,30,SEA,97,325,277,35,56,8,0,11,34,0,0,40,99,.202,.304,.350,.655,84,97,8,2,0,3,0,2H/D
447,Packy Naughton\naughpa01,25,LAA,2,1,1,0,0,0,0,0,0,0,0,0,1,.000,.000,.000,.000,-100,0,0,0,0,0,0,/1
448,Josh Naylor*\naylojo01,24,CLE,69,250,233,28,59,13,0,7,21,1,0,14,45,.253,.301,.399,.700,90,93,7,2,0,0,1,93/DH
449,Kyle Nelson*\nelsoky01,24,CLE,2,0,0,0,0,0,0,0,0,0,0,0,0,,,,,,0,0,0,0,0,0,1
450,Tyler Nevin\nevinty01,24,BAL,6,18,14,3,4,2,0,1,3,0,0,4,5,.286,.444,.643,1.087,191,9,0,0,0,0,0,/73
451,Daniel Norris*\norrida01,28,DET,2,0,0,0,0,0,0,0,0,0,0,0,0,,,,,,0,0,0,0,0,0,1
452,Jacob Nottingham\nottija01,26,SEA,10,31,26,3,3,0,0,1,2,0,0,2,12,.115,.226,.231,.457,30,6,0,2,0,1,0,/D3H
453,Renato Nunez\nunezre01,27,DET,14,55,53,7,10,3,0,4,7,0,0,1,16,.189,.218,.472,.690,86,25,2,1,0,0,0,/3D
454,Ryan O'Hearn*\ohearry01,27,KCR,84,254,236,23,53,5,1,9,29,0,0,13,71,.225,.268,.369,.636,70,87,7,2,0,3,0,D93H/7
455,Bailey Ober\oberba01,25,MIN,1,2,2,0,1,0,0,0,0,0,0,0,0,.500,.500,.500,1.000,181,1,0,0,0,0,0,1
456,Joseph Odom\odomjo01,29,TBR,2,2,2,0,0,0,0,0,0,0,0,0,1,.000,.000,.000,.000,-100,0,0,0,0,0,0,/2H
457,Rougned Odor*\odorro01,27,NYY,102,361,322,42,65,12,0,15,39,0,1,27,100,.202,.286,.379,.665,82,122,3,11,1,0,2,45/H
458,Jake Odorizzi\odorija01,31,HOU,1,1,1,0,0,0,0,0,0,0,0,0,0,.000,.000,.000,.000,-100,0,0,0,0,0,0,1
459,Shohei Ohtani*\ohtansh01,26,LAA,155,639,537,103,138,26,8,46,100,26,10,96,189,.257,.372,.592,.965,158,318,7,4,0,2,20,*D1/H97
460,Edward Olivares\olivaed02,25,KCR,39,111,101,14,24,2,0,5,12,2,2,5,19,.238,.291,.406,.697,86,41,2,3,1,1,0,97H/8D
461,Matt Olson*\olsonma02,27,OAK,156,673,565,101,153,35,0,39,111,4,1,88,113,.271,.371,.540,.911,153,305,17,9,0,11,12,*3/D
462,Oliver Ortega\ortegol01,24,LAA,2,0,0,0,0,0,0,0,0,0,0,0,0,,,,,,0,0,0,0,0,0,/1
463,Adam Ottavino#\ottavad01,35,BOS,6,0,0,0,0,0,0,0,0,0,0,0,0,,,,,,0,0,0,0,0,0,1
464,Connor Overton*\overtco01,27,TOR,1,0,0,0,0,0,0,0,0,0,0,0,0,,,,,,0,0,0,0,0,0,/1
465,Kevin Padlo\padloke01,24,TOT,10,15,13,1,1,1,0,0,0,0,0,2,9,.077,.200,.154,.354,4,2,0,0,0,0,0,/53H
466,Kevin Padlo\padloke01,24,TBR,9,14,12,1,1,1,0,0,0,0,0,2,8,.083,.214,.167,.381,12,2,0,0,0,0,0,/53H
467,Kevin Padlo\padloke01,24,SEA,1,1,1,0,0,0,0,0,0,0,0,0,1,.000,.000,.000,.000,-100,0,0,0,0,0,0,/H
468,Josh Palacios*\palacjo01,25,TOR,13,42,35,7,7,0,0,0,4,0,0,3,11,.200,.293,.200,.493,39,7,0,2,1,1,0,/978DH
469,Joe Panik*\panikjo01,30,TOR,42,123,114,9,28,6,0,2,11,0,0,8,14,.246,.293,.351,.644,75,40,4,0,0,1,0,54/H3D
470,Isaac Paredes\paredis01,22,DET,23,85,72,7,15,3,1,1,5,0,0,10,11,.208,.306,.319,.625,77,23,4,1,0,2,1,4/56
471,Hoy Park*\parkho01,25,NYY,1,1,1,0,0,0,0,0,0,0,0,0,0,.000,.000,.000,.000,-100,0,0,0,0,0,0,/H9
472,Blake Parker\parkebl01,36,CLE,4,0,0,0,0,0,0,0,0,0,0,0,0,,,,,,0,0,0,0,0,0,1
473,Spencer Patton\pattosp01,33,TEX,3,0,0,0,0,0,0,0,0,0,0,0,0,,,,,,0,0,0,0,0,0,1
474,Joel Payamps\payamjo01,27,TOT,3,0,0,0,0,0,0,0,0,0,0,0,0,,,,,,0,0,0,0,0,0,1
475,Joel Payamps\payamjo01,27,TOR,1,0,0,0,0,0,0,0,0,0,0,0,0,,,,,,0,0,0,0,0,0,1
476,Joel Payamps\payamjo01,27,KCR,2,0,0,0,0,0,0,0,0,0,0,0,0,,,,,,0,0,0,0,0,0,1
477,Wandy Peralta*\peralwa01,29,NYY,6,0,0,0,0,0,0,0,0,0,0,0,0,,,,,,0,0,0,0,0,0,1
478,Wily Peralta\peralwi01,32,DET,1,2,1,0,0,0,0,0,0,0,0,1,0,.000,.500,.000,.500,61,0,0,0,0,0,0,1
479,Martin Perez*\perezma02,30,BOS,2,3,3,0,0,0,0,0,0,0,0,0,3,.000,.000,.000,.000,-100,0,0,0,0,0,0,1
480,Oliver Perez*\perezol01,39,CLE,2,0,0,0,0,0,0,0,0,0,0,0,0,,,,,,0,0,0,0,0,0,/1
481,Roberto Perez\perezro02,32,CLE,44,161,141,13,21,3,0,7,17,1,0,17,56,.149,.245,.319,.564,54,45,1,1,2,0,0,2/3H
482,Salvador Perez\perezsa02,31,KCR,161,665,620,88,169,24,0,48,121,1,0,28,170,.273,.316,.544,.859,126,337,14,13,0,4,4,*2D/H
483,DJ Peters\peterdj01,25,TEX,52,206,197,24,39,7,1,12,34,2,0,4,68,.198,.218,.426,.645,72,84,4,2,0,3,0,789/DH
484,Yusmeiro Petit\petityu01,36,OAK,6,0,0,0,0,0,0,0,0,0,0,0,0,,,,,,0,0,0,0,0,0,1
485,Jake Petricka\petrija01,33,LAA,3,0,0,0,0,0,0,0,0,0,0,0,0,,,,,,0,0,0,0,0,0,/1
486,Brett Phillips*\phillbr02,27,TBR,118,292,253,50,52,9,4,13,44,14,3,33,113,.206,.300,.427,.727,105,108,3,2,2,2,0,89H7/D1
487,Chad Pinder\pindech01,29,OAK,75,233,214,30,52,16,1,6,27,1,0,16,62,.243,.300,.411,.712,98,88,6,2,0,1,0,97H/645D
488,Michael Pineda\pinedmi01,32,MIN,2,3,3,0,0,0,0,0,0,0,0,0,1,.000,.000,.000,.000,-100,0,2,0,0,0,0,1
489,Stephen Piscotty\piscost01,30,OAK,72,188,173,14,38,8,0,5,16,1,0,13,48,.220,.282,.353,.635,78,61,2,2,0,0,0,9H/D
490,Nick Pivetta\pivetni01,28,BOS,2,2,2,0,0,0,0,0,0,0,0,0,2,.000,.000,.000,.000,-100,0,0,0,0,0,0,1
491,Kevin Plawecki\plaweke01,30,BOS,64,173,157,15,45,7,0,3,15,0,0,12,26,.287,.349,.389,.737,96,61,4,3,1,0,0,2/HD31
492,Adam Plutko\plutkad01,29,BAL,3,0,0,0,0,0,0,0,0,0,0,0,0,,,,,,0,0,0,0,0,0,1
493,Jorge Polanco#\polanjo01,27,MIN,152,644,588,97,158,35,2,33,98,11,6,45,118,.269,.323,.503,.826,125,296,4,5,0,6,0,*46/DH
494,Yohel Pozo\pozoyo01,24,TEX,21,77,74,8,21,4,0,1,9,0,0,3,10,.284,.312,.378,.690,90,28,1,0,0,0,0,D/2H
495,Ryan Pressly\pressry01,32,HOU,2,0,0,0,0,0,0,0,0,0,0,0,0,,,,,,0,0,0,0,0,0,1
496,Albert Pujols\pujolal01,41,LAA,24,92,86,9,17,0,0,5,12,1,0,3,13,.198,.250,.372,.622,67,32,4,3,0,0,1,3/DH5
497,Cal Quantrill*\quantca01,26,CLE,3,2,2,0,1,0,0,0,0,0,0,0,0,.500,.500,.500,1.000,177,1,0,0,0,0,0,1
498,Jose Quijada*\quijajo01,25,LAA,8,0,0,0,0,0,0,0,0,0,0,0,0,,,,,,0,0,0,0,0,0,1
499,Jose Quintana\quintjo01,32,LAA,2,0,0,0,0,0,0,0,0,0,0,0,0,,,,,,0,0,0,0,0,0,1
500,Cal Raleigh#\raleica01,24,SEA,47,148,139,6,25,12,0,2,13,0,0,7,52,.180,.223,.309,.532,48,43,3,1,0,1,0,2/H
501,Brooks Raley*\raleybr01,33,HOU,4,0,0,0,0,0,0,0,0,0,0,0,0,,,,,,0,0,0,0,0,0,1
502,Erasmo Ramirez\ramirer02,31,DET,1,0,0,0,0,0,0,0,0,0,0,0,0,,,,,,0,0,0,0,0,0,1
503,Harold Ramirez\ramirha02,26,CLE,99,361,339,33,91,21,1,7,41,3,1,14,56,.268,.305,.398,.703,91,135,10,5,0,3,1,798/HD3
504,Jose Ramirez#\ramirjo01,28,CLE,152,636,552,111,147,32,5,36,103,27,4,72,87,.266,.355,.538,.893,141,297,13,7,0,5,10,*5D/H
505,Noe Ramirez\ramirno01,31,LAA,1,0,0,0,0,0,0,0,0,0,0,0,0,,,,,,0,0,0,0,0,0,/1
506,Yohan Ramirez\ramiryo01,26,SEA,4,0,0,0,0,0,0,0,0,0,0,0,0,,,,,,0,0,0,0,0,0,1
507,AJ Ramos\ramosaj01,34,LAA,1,0,0,0,0,0,0,0,0,0,0,0,0,,,,,,0,0,0,0,0,0,/1
508,Wilson Ramos\ramoswi01,33,TOT,44,163,151,15,31,5,0,8,20,0,0,9,36,.205,.248,.397,.646,76,60,2,0,0,1,0,2D/H
509,Wilson Ramos\ramoswi01,33,DET,35,128,120,12,24,5,0,6,13,0,0,6,29,.200,.238,.392,.630,72,47,1,0,0,0,0,2D/H
510,Wilson Ramos\ramoswi01,33,CLE,9,35,31,3,7,0,0,2,7,0,0,3,7,.226,.286,.419,.705,90,13,1,0,0,1,0,/2
511,Drew Rasmussen\rasmudr01,25,TBR,3,3,3,0,1,0,0,0,0,0,0,0,0,.333,.333,.333,.667,92,1,0,0,0,0,0,1
512,Robbie Ray*\rayro02,29,TOR,2,5,4,0,0,0,0,0,0,0,0,0,1,.000,.000,.000,.000,-100,0,0,0,1,0,0,1
513,Rob Refsnyder\refsnro01,30,MIN,51,157,139,21,34,7,0,2,12,1,0,17,40,.245,.325,.338,.663,86,47,4,0,0,1,0,87H/9D
514,Anthony Rendon\rendoan01,31,LAA,58,249,217,24,52,13,0,6,34,0,0,29,41,.240,.329,.382,.712,94,83,11,1,0,2,2,5/D
515,Hunter Renfroe\renfrhu01,29,BOS,144,572,521,89,135,33,0,31,96,1,2,44,130,.259,.315,.501,.816,112,261,6,1,0,6,0,*9/8HD
516,Luis Rengifo#\rengilu01,24,LAA,54,190,174,22,35,1,0,6,18,1,0,9,38,.201,.246,.310,.556,51,54,3,2,3,2,0,695/H47
517,Franmil Reyes\reyesfr01,25,CLE,115,466,418,57,106,18,2,30,85,4,1,43,149,.254,.324,.522,.846,127,218,13,2,0,3,3,D9/H
518,Victor Reyes#\reyesvi01,26,DET,76,220,209,26,54,10,4,5,22,5,1,8,55,.258,.284,.416,.701,93,87,2,0,2,1,0,98H/D7
519,Garrett Richards\richaga01,33,BOS,4,5,5,0,1,1,0,0,1,0,0,0,2,.200,.200,.400,.600,54,2,0,0,0,0,0,1
520,Trevor Richards\richatr01,28,TOT,2,0,0,0,0,0,0,0,0,0,0,0,0,,,,,,0,0,0,0,0,0,1
521,Trevor Richards\richatr01,28,TOR,2,0,0,0,0,0,0,0,0,0,0,0,0,,,,,,0,0,0,0,0,0,1
522,JT Riddle*\riddljt01,29,MIN,4,6,6,1,2,0,0,0,0,0,0,0,0,.333,.333,.333,.667,87,2,0,0,0,0,0,/6DH
523,Yacksel Rios\riosya01,28,TOT,1,0,0,0,0,0,0,0,0,0,0,0,0,,,,,,0,0,0,0,0,0,1
524,Yacksel Rios\riosya01,28,BOS,1,0,0,0,0,0,0,0,0,0,0,0,0,,,,,,0,0,0,0,0,0,1
525,Emmanuel Rivera\riverem01,25,KCR,29,98,90,13,23,4,0,1,5,2,0,8,21,.256,.316,.333,.650,76,30,2,0,0,0,0,5/3
526,Rene Rivera\riverre01,37,CLE,21,63,55,6,13,3,0,2,9,0,0,4,24,.236,.300,.400,.700,90,22,2,1,3,0,0,2/H
527,Sebastian Rivero\riverse01,22,KCR,17,44,40,1,7,2,0,0,3,0,0,3,15,.175,.250,.225,.475,30,9,1,1,0,0,0,2
528,Anthony Rizzo*\rizzoan01,31,NYY,49,200,173,32,43,7,0,8,21,2,0,16,28,.249,.340,.428,.768,110,74,5,9,0,2,0,3/H
529,Luis Robert\roberlu01,23,CHW,68,296,275,42,93,22,1,13,43,6,1,14,61,.338,.378,.567,.946,155,156,4,5,0,2,1,8/D
530,Hansel Robles\robleha01,30,TOT,4,0,0,0,0,0,0,0,0,0,0,0,0,,,,,,0,0,0,0,0,0,1
531,Hansel Robles\robleha01,30,MIN,2,0,0,0,0,0,0,0,0,0,0,0,0,,,,,,0,0,0,0,0,0,1
532,Hansel Robles\robleha01,30,BOS,2,0,0,0,0,0,0,0,0,0,0,0,0,,,,,,0,0,0,0,0,0,1
533,Jacob Robson*\robsoja01,26,DET,4,7,7,1,0,0,0,0,0,0,0,0,4,.000,.000,.000,.000,-100,0,0,0,0,0,0,/7H8
534,Carlos Rodon*\rodonca01,28,CHW,2,3,3,0,0,0,0,0,0,0,0,0,1,.000,.000,.000,.000,-100,0,0,0,0,0,0,1
535,Chris Rodriguez\rodrich01,22,LAA,1,0,0,0,0,0,0,0,0,0,0,0,0,,,,,,0,0,0,0,0,0,1
536,Eduardo Rodriguez*\rodried05,28,BOS,4,6,6,0,0,0,0,0,0,0,0,0,3,.000,.000,.000,.000,-100,0,1,0,0,0,0,1
537,Joely Rodriguez*\rodrijo06,29,TOT,6,0,0,0,0,0,0,0,0,0,0,0,0,,,,,,0,0,0,0,0,0,1
538,Joely Rodriguez*\rodrijo06,29,TEX,3,0,0,0,0,0,0,0,0,0,0,0,0,,,,,,0,0,0,0,0,0,1
539,Joely Rodriguez*\rodrijo06,29,NYY,3,0,0,0,0,0,0,0,0,0,0,0,0,,,,,,0,0,0,0,0,0,1
540,Chaz Roe\roech01,34,TBR,1,0,0,0,0,0,0,0,0,0,0,0,0,,,,,,0,0,0,0,0,0,/1
541,Jake Rogers\rogerja03,26,DET,38,127,113,17,27,5,3,6,17,1,0,11,46,.239,.306,.496,.802,120,56,0,0,3,0,0,2/51H
542,Taylor Rogers*\rogerta01,30,MIN,2,0,0,0,0,0,0,0,0,0,0,0,0,,,,,,0,0,0,0,0,0,1
543,Jose Rojas*\rojasjo02,28,LAA,61,184,168,26,35,14,0,6,15,2,1,15,50,.208,.277,.399,.676,82,67,2,1,0,0,0,945H/73D
544,Jordan Romano\romanjo03,28,TOR,4,0,0,0,0,0,0,0,0,0,0,0,0,,,,,,0,0,0,0,0,0,1
545,Sergio Romo\romose01,38,OAK,4,0,0,0,0,0,0,0,0,0,0,0,0,,,,,,0,0,0,0,0,0,1
546,Brent Rooker\rookebr01,26,MIN,58,213,189,25,38,10,0,9,16,0,0,15,70,.201,.291,.397,.688,89,75,1,9,0,0,0,7D/9H
547,Ben Rortvedt*\rortvbe01,23,MIN,39,98,89,8,15,1,0,3,7,0,0,6,29,.169,.229,.281,.510,41,25,2,1,2,0,0,2/HD
548,Amed Rosario\rosaram01,25,CLE,141,588,550,77,155,25,6,11,57,13,0,31,120,.282,.321,.409,.731,99,225,12,3,0,4,0,*68/HD
549,Eddie Rosario*\rosared01,29,CLE,78,306,283,29,72,15,1,7,46,9,2,17,47,.254,.296,.389,.685,86,110,3,1,2,3,0,7/D
550,Jose Ruiz\ruizjo01,26,CHW,4,1,1,0,0,0,0,0,0,0,0,0,0,.000,.000,.000,.000,-100,0,0,0,0,0,0,1
551,Rio Ruiz*\ruizri01,27,BAL,32,101,90,10,15,3,0,3,6,2,0,9,29,.167,.250,.300,.550,49,27,3,1,1,0,0,45/HD
552,Joe Ryan\ryanjo04,25,MIN,1,2,2,0,0,0,0,0,0,0,0,0,2,.000,.000,.000,.000,-100,0,0,0,0,0,0,/1
553,Hyun Jin Ryu\ryuhy01,34,TOR,2,4,4,0,0,0,0,0,0,0,0,0,2,.000,.000,.000,.000,-100,0,0,0,0,0,0,1
554,Casey Sadler\sadleca02,30,SEA,1,0,0,0,0,0,0,0,0,0,0,0,0,,,,,,0,0,0,0,0,0,1
555,Chris Sale*\salech01,32,BOS,1,1,1,0,0,0,0,0,0,0,0,0,1,.000,.000,.000,.000,-100,0,0,0,0,0,0,/1
556,Gary Sanchez\sanchga02,28,NYY,117,440,383,54,78,13,1,23,54,0,0,52,121,.204,.307,.423,.730,99,162,14,5,0,0,3,*2H/D
557,Nick Sandlin\sandlni01,24,CLE,3,0,0,0,0,0,0,0,0,0,0,0,0,,,,,,0,0,0,0,0,0,1
558,Patrick Sandoval*\sandopa02,24,LAA,2,4,4,1,1,0,0,0,0,0,0,0,2,.250,.250,.250,.500,38,1,0,0,0,0,0,1
559,Miguel Sano\sanomi01,28,MIN,135,532,470,68,105,24,0,30,75,2,1,59,183,.223,.312,.466,.778,112,219,13,2,0,1,2,*3D/5H
560,Carlos Santana#\santaca01,35,KCR,158,659,565,66,121,15,0,19,69,2,0,86,102,.214,.319,.342,.660,79,193,12,3,0,5,3,*3D/H
561,Danny Santana#\santada01,30,BOS,38,127,116,15,21,2,1,5,14,4,2,10,30,.181,.252,.345,.597,57,40,0,1,0,0,0,38/7HD
562,Dennis Santana\santade01,25,TEX,1,0,0,0,0,0,0,0,0,0,0,0,0,,,,,,0,0,0,0,0,0,1
563,Ervin Santana\santaer01,38,KCR,3,0,0,0,0,0,0,0,0,0,0,0,0,,,,,,0,0,0,0,0,0,1
564,Anthony Santander#\santaan02,26,BAL,110,438,406,54,98,24,0,18,50,1,1,23,101,.241,.286,.433,.720,92,176,11,4,1,4,0,9D/H7
565,Tayler Saucedo*\sauceta01,28,TOR,3,0,0,0,0,0,0,0,0,0,0,0,0,,,,,,0,0,0,0,0,0,1
566,Hirokazu Sawamura\sawamhi01,33,BOS,4,0,0,0,0,0,0,0,0,0,0,0,0,,,,,,0,0,0,0,0,0,1
567,Josh Sborz\sborzjo01,27,TEX,5,1,1,0,0,0,0,0,0,0,0,0,1,.000,.000,.000,.000,-100,0,0,0,0,0,0,1
568,Scott Schebler*\schebsc01,30,LAA,14,34,34,3,5,3,0,0,0,0,0,0,17,.147,.147,.235,.382,2,8,0,0,0,0,0,/8H97
569,Clarke Schmidt\schmicl01,25,NYY,1,2,1,0,0,0,0,0,0,0,0,1,1,.000,.500,.000,.500,58,0,0,0,0,0,0,/1
570,Jonathan Schoop\schoojo01,29,DET,156,674,623,85,173,30,1,22,84,2,0,37,133,.278,.320,.435,.755,110,271,15,6,0,8,0,*34D/5
571,Kyle Schwarber*\schwaky01,28,BOS,41,168,134,34,39,10,0,7,18,0,0,33,39,.291,.435,.522,.957,154,70,0,1,0,0,0,7D3/H
572,Frank Schwindel\schwifr01,29,OAK,8,20,20,2,3,1,0,1,3,0,0,0,5,.150,.150,.350,.500,35,7,0,0,0,0,0,/DH3
573,Tanner Scott\scottta01,26,BAL,3,0,0,0,0,0,0,0,0,0,0,0,0,,,,,,0,0,0,0,0,0,1
574,Kyle Seager*\seageky01,33,SEA,159,670,603,73,128,29,1,35,101,3,1,59,161,.212,.285,.438,.723,100,264,7,4,0,4,2,*5D/H
575,Sam Selman\selmasa01,30,LAA,5,0,0,0,0,0,0,0,0,0,0,0,0,,,,,,0,0,0,0,0,0,1
576,Marcus Semien\semiema01,30,TOR,162,724,652,115,173,39,2,45,102,15,1,66,146,.265,.334,.538,.873,133,351,9,3,0,3,0,*46/D
577,Pedro Severino\severpe01,27,BAL,113,419,379,32,94,18,0,11,46,0,0,34,109,.248,.308,.383,.690,87,145,9,1,0,5,1,*2/DH
578,Paul Sewald\sewalpa01,31,SEA,6,0,0,0,0,0,0,0,0,0,0,0,0,,,,,,0,0,0,0,0,0,1
579,Bryan Shaw#\shawbr01,33,CLE,4,0,0,0,0,0,0,0,0,0,0,0,0,,,,,,0,0,0,0,0,0,1
580,Travis Shaw*\shawtr01,31,BOS,28,48,42,6,10,3,0,3,11,0,0,5,17,.238,.319,.524,.843,119,22,0,0,1,0,0,H3/D
581,Gavin Sheets*\sheetga01,25,CHW,54,179,160,23,40,8,0,11,34,0,0,16,40,.250,.324,.506,.830,123,81,4,2,0,1,0,D93/H7
582,Justus Sheffield*\sheffju01,25,SEA,2,2,2,0,1,0,0,0,0,0,0,0,1,.500,.500,.500,1.000,184,1,0,0,0,0,0,1
583,Ryan Sherriff*\sherrry01,31,TBR,2,0,0,0,0,0,0,0,0,0,0,0,0,,,,,,0,0,0,0,0,0,1
584,Zack Short\shortza01,26,DET,61,184,156,21,22,4,0,6,20,2,0,22,59,.141,.239,.282,.521,46,44,4,0,0,6,1,6/H54D
585,Andrelton Simmons\simmoan01,31,MIN,131,451,412,37,92,12,0,3,31,1,0,32,62,.223,.283,.274,.558,57,113,14,3,3,1,0,*6/H
586,Jose Siri\sirijo01,25,HOU,21,49,46,10,14,0,1,4,9,3,1,1,17,.304,.347,.609,.956,155,28,0,2,0,0,0,/9H87D
587,Chance Sisco*\siscoch01,26,BAL,23,73,65,4,10,2,0,0,3,0,0,6,18,.154,.247,.185,.431,21,12,0,2,0,0,0,2/DH
588,Tarik Skubal\skubata01,24,DET,2,3,2,0,0,0,0,0,0,0,0,0,2,.000,.000,.000,.000,-100,0,0,0,1,0,0,1
589,Aaron Slegers\slegeaa01,28,LAA,5,0,0,0,0,0,0,0,0,0,0,0,0,,,,,,0,0,0,0,0,0,1
590,Burch Smith\smithbu03,31,OAK,3,0,0,0,0,0,0,0,0,0,0,0,0,,,,,,0,0,0,0,0,0,1
591,Joe Smith\smithjo05,37,TOT,1,0,0,0,0,0,0,0,0,0,0,0,0,,,,,,0,0,0,0,0,0,1
592,Joe Smith\smithjo05,37,HOU,1,0,0,0,0,0,0,0,0,0,0,0,0,,,,,,0,0,0,0,0,0,1
593,Kevan Smith\smithke04,33,TBR,3,5,4,2,1,0,0,0,0,0,0,0,2,.250,.250,.250,.500,44,1,0,0,0,0,0,/2H
594,Kevin Smith\smithke05,24,TOR,18,36,32,2,3,0,0,1,1,0,0,3,11,.094,.194,.188,.382,6,6,0,1,0,0,0,5/H3D7
595,Kirby Snead*\sneadki01,26,TOR,1,0,0,0,0,0,0,0,0,0,0,0,0,,,,,,0,0,0,0,0,0,/1
596,Nick Solak\solakni01,26,TEX,127,511,458,57,111,18,2,11,49,7,5,34,107,.242,.314,.362,.677,87,166,11,15,2,2,0,*4/DH
597,Jorge Soler\solerjo01,29,KCR,94,360,308,38,59,16,0,13,37,0,0,38,97,.192,.288,.370,.658,76,114,9,5,0,3,0,9D/H
598,Peter Solomon\solompe01,24,HOU,1,0,0,0,0,0,0,0,0,0,0,0,0,,,,,,0,0,0,0,0,0,/1
599,Gregory Soto*\sotogr01,26,DET,6,0,0,0,0,0,0,0,0,0,0,0,0,,,,,,0,0,0,0,0,0,1
600,George Springer\springe01,31,TOR,78,342,299,59,79,19,1,22,50,4,1,37,79,.264,.352,.555,.907,143,166,6,4,0,1,1,8D/9
601,Jeffrey Springs*\sprinje01,28,TBR,4,0,0,0,0,0,0,0,0,0,0,0,0,,,,,,0,0,0,0,0,0,1
602,Ryne Stanek\stanery01,29,HOU,6,0,0,0,0,0,0,0,0,0,0,0,0,,,,,,0,0,0,0,0,0,1
603,Giancarlo Stanton\stantmi03,31,NYY,139,579,510,64,139,19,0,35,97,0,0,63,157,.273,.354,.516,.870,136,263,22,3,0,3,1,D97/H
604,Cody Stashak\stashco01,27,MIN,2,0,0,0,0,0,0,0,0,0,0,0,0,,,,,,0,0,0,0,0,0,1
605,Max Stassi\stassma01,30,LAA,87,319,282,45,68,11,1,13,35,0,0,28,101,.241,.326,.426,.752,104,120,8,8,0,1,0,2/H
606,Josh Staumont\staumjo01,27,KCR,4,0,0,0,0,0,0,0,0,0,0,0,0,,,,,,0,0,0,0,0,0,1
607,Drew Steckenrider\steckdr01,30,SEA,4,0,0,0,0,0,0,0,0,0,0,0,0,,,,,,0,0,0,0,0,0,1
608,Trevor Stephan\stephtr01,25,CLE,4,0,0,0,0,0,0,0,0,0,0,0,0,,,,,,0,0,0,0,0,0,1
609,DJ Stewart*\stewadj01,27,BAL,100,318,270,39,55,10,0,12,33,0,0,44,89,.204,.324,.374,.698,90,101,3,4,0,0,1,79HD
610,Myles Straw\strawmy01,26,TOT,158,638,564,86,153,29,1,4,48,30,6,67,121,.271,.349,.348,.696,93,196,13,2,1,4,0,*8/H
611,Myles Straw\strawmy01,26,HOU,98,370,325,44,85,13,1,2,34,17,5,38,71,.262,.339,.326,.665,85,106,7,2,1,4,0,8/H
612,Myles Straw\strawmy01,26,CLE,60,268,239,42,68,16,0,2,14,13,1,29,50,.285,.362,.377,.739,104,90,6,0,0,0,0,8/H
613,Hunter Strickland\strichu01,32,TOT,2,0,0,0,0,0,0,0,0,0,0,0,0,,,,,,0,0,0,0,0,0,1
614,Hunter Strickland\strichu01,32,LAA,2,0,0,0,0,0,0,0,0,0,0,0,0,,,,,,0,0,0,0,0,0,/1
615,Ross Stripling\stripro01,31,TOR,3,6,5,0,0,0,0,0,0,0,0,0,2,.000,.000,.000,.000,-100,0,0,0,1,0,0,1
616,Garrett Stubbs*\stubbga01,28,HOU,18,38,34,2,6,2,0,0,3,0,0,2,7,.176,.222,.235,.458,26,8,0,0,2,0,0,2/H7
617,Jose Suarez*\suarejo01,23,LAA,1,1,1,0,0,0,0,0,0,0,0,0,1,.000,.000,.000,.000,-100,0,0,0,0,0,0,1
618,Cole Sulser\sulseco01,31,BAL,4,0,0,0,0,0,0,0,0,0,0,0,0,,,,,,0,0,0,0,0,0,1
619,Kurt Suzuki\suzukku01,37,LAA,72,247,219,17,49,8,0,6,16,0,0,12,44,.224,.294,.342,.636,74,75,7,11,2,3,0,2/H
620,Erik Swanson\swanser01,27,SEA,4,0,0,0,0,0,0,0,0,0,0,0,0,,,,,,0,0,0,0,0,0,1
621,Anthony Swarzak\swarzan01,35,KCR,1,0,0,0,0,0,0,0,0,0,0,0,0,,,,,,0,0,0,0,0,0,/1
622,Jameson Taillon\taillja01,29,NYY,2,2,1,0,0,0,0,0,0,0,0,1,0,.000,.500,.000,.500,58,0,0,0,0,0,0,1
623,Domingo Tapia\tapiado01,29,TOT,3,0,0,0,0,0,0,0,0,0,0,0,0,,,,,,0,0,0,0,0,0,1
624,Domingo Tapia\tapiado01,29,KCR,3,0,0,0,0,0,0,0,0,0,0,0,0,,,,,,0,0,0,0,0,0,1
625,Dillon Tate\tatedi01,27,BAL,3,0,0,0,0,0,0,0,0,0,0,0,0,,,,,,0,0,0,0,0,0,1
626,Mike Tauchman*\tauchmi01,30,NYY,11,16,14,1,3,1,0,0,0,2,0,1,6,.214,.267,.286,.552,53,4,0,0,1,0,0,/7H8D9
627,Leody Taveras#\taverle01,22,TEX,49,185,174,14,28,6,2,3,9,10,1,9,60,.161,.207,.270,.477,31,47,3,1,1,0,0,8/H
628,Blake Taylor*\taylobl01,25,HOU,5,0,0,0,0,0,0,0,0,0,0,0,0,,,,,,0,0,0,0,0,0,1
629,Josh Taylor*\taylojo02,28,BOS,3,0,0,0,0,0,0,0,0,0,0,0,0,,,,,,0,0,0,0,0,0,1
630,Michael A. Taylor\taylomi02,30,KCR,142,528,483,58,118,16,1,12,54,14,7,33,144,.244,.297,.356,.653,76,172,9,5,2,5,0,*8/HD
631,Anderson Tejeda#\tejedan01,23,TEX,5,17,16,1,1,0,0,0,0,1,0,1,10,.063,.118,.063,.180,-48,1,0,0,0,0,0,/54
632,Rowdy Tellez*\tellero01,26,TOR,50,151,139,12,29,4,1,4,8,0,0,9,33,.209,.272,.338,.610,66,47,3,3,0,0,1,3DH
633,Ryan Tepera\teperry01,33,CHW,3,0,0,0,0,0,0,0,0,0,0,0,0,,,,,,0,0,0,0,0,0,1
634,Curtis Terry\terrycu01,24,TEX,13,48,45,3,4,2,0,0,1,0,0,2,15,.089,.146,.133,.279,-22,6,0,1,0,0,0,D/3
635,Matt Thaiss*\thaisma01,26,LAA,3,8,7,1,1,0,0,0,0,0,0,1,1,.143,.250,.143,.393,12,1,0,0,0,0,0,/3H
636,Caleb Thielbar\thielca01,34,MIN,4,0,0,0,0,0,0,0,0,0,0,0,0,,,,,,0,0,0,0,0,0,1
637,Dillon Thomas*\thomadi01,28,SEA,4,9,9,2,1,0,0,0,2,0,0,0,7,.111,.111,.111,.222,-37,1,0,0,0,0,0,/78H9
638,Ryan Thompson\thompry02,29,TBR,2,0,0,0,0,0,0,0,0,0,0,0,0,,,,,,0,0,0,0,0,0,1
639,Trent Thornton\thorntr01,27,TOR,4,0,0,0,0,0,0,0,0,0,0,0,0,,,,,,0,0,0,0,0,0,1
640,Ka'ai Tom*\tomka01,27,OAK,9,16,16,1,1,0,0,0,1,0,0,0,6,.063,.063,.063,.125,-64,1,0,0,0,0,0,/H9D71
641,Abraham Toro#\toroab01,24,TOT,95,375,335,45,80,12,0,11,46,6,3,31,54,.239,.315,.373,.688,92,125,5,7,0,2,0,45/H3
642,Abraham Toro#\toroab01,24,HOU,35,122,109,17,23,1,0,6,20,3,1,9,21,.211,.287,.385,.672,83,42,1,3,0,1,0,5/H3
643,Abraham Toro#\toroab01,24,SEA,60,253,226,28,57,11,0,5,26,3,2,22,33,.252,.328,.367,.695,96,83,4,4,0,1,0,4/5H
644,Luis Torrens\torrelu01,25,SEA,108,378,346,39,84,16,2,15,47,0,0,28,99,.243,.299,.431,.730,102,149,8,1,0,3,1,D2H/35
645,Gleyber Torres\torregl01,24,NYY,127,516,459,50,119,22,0,9,51,14,6,50,104,.259,.331,.366,.697,93,168,12,1,2,4,1,64/H
646,Taylor Trammell*\trammta01,23,SEA,51,178,156,23,25,7,0,8,18,2,3,17,75,.160,.256,.359,.615,71,56,1,3,2,0,0,87/H
647,Jose Trevino\trevijo01,28,TEX,89,302,285,23,68,14,0,5,30,1,1,12,57,.239,.267,.340,.607,67,97,13,0,2,3,1,2/H
648,Lou Trivino\trivilo01,29,OAK,5,0,0,0,0,0,0,0,0,0,0,0,0,,,,,,0,0,0,0,0,0,1
649,Mike Trout\troutmi01,29,LAA,36,146,117,23,39,8,1,8,18,2,0,27,41,.333,.466,.624,1.090,195,73,0,2,0,0,5,8
650,Yoshi Tsutsugo*\tsutsyo01,29,TBR,26,87,78,5,13,4,0,0,5,0,0,8,27,.167,.244,.218,.462,34,17,1,0,1,0,0,3/DH
651,Kyle Tucker*\tuckeky01,24,HOU,140,567,506,83,149,37,3,30,92,14,2,53,90,.294,.359,.557,.917,147,282,10,1,0,5,5,*9/8DH
652,Kyle Tyler\tylerky01,24,LAA,1,0,0,0,0,0,0,0,0,0,0,0,0,,,,,,0,0,0,0,0,0,/1
653,Justin Upton\uptonju01,33,LAA,89,362,318,47,67,12,0,17,41,4,1,39,107,.211,.296,.409,.705,90,130,11,1,0,3,0,7/8DH
654,Jose Urena\urenajo01,29,DET,2,1,1,0,0,0,0,0,0,0,0,0,1,.000,.000,.000,.000,-100,0,0,0,0,0,0,1
655,Ramon Urias\uriasra01,27,BAL,85,296,262,33,73,14,0,7,38,1,2,28,76,.279,.361,.412,.774,111,108,3,6,0,0,0,645/H
656,Jose Urquidy\urquijo01,26,HOU,2,4,4,0,1,0,0,0,0,0,0,0,3,.250,.250,.250,.500,39,1,0,0,0,0,0,1
657,Gio Urshela\urshegi01,29,NYY,116,442,420,42,112,18,2,14,49,1,0,20,109,.267,.301,.419,.720,96,176,16,1,0,1,0,56/H
658,Pat Valaika\valaipa01,28,BAL,90,281,259,17,52,8,0,5,25,1,1,16,76,.201,.250,.290,.540,47,75,4,2,1,3,0,46/H3751
659,Cesar Valdez\valdece01,36,BAL,4,0,0,0,0,0,0,0,0,0,0,0,0,,,,,,0,0,0,0,0,0,1
660,Framber Valdez\valdefr01,27,HOU,2,4,4,0,0,0,0,0,0,0,0,0,2,.000,.000,.000,.000,-100,0,0,0,0,0,0,1
661,Phillips Valdez\valdeph01,29,BOS,2,0,0,0,0,0,0,0,0,0,0,0,0,,,,,,0,0,0,0,0,0,1
662,Breyvic Valera#\valerbr01,29,TOR,39,97,87,10,22,6,0,1,15,1,0,8,12,.253,.313,.356,.669,83,31,1,0,1,1,0,5H4/D
663,Andrew Vaughn\vaughan01,23,CHW,127,469,417,56,98,22,0,15,48,1,1,41,101,.235,.309,.396,.705,92,165,14,6,0,5,0,793/HD54
664,Christian Vazquez\vazquch01,30,BOS,138,498,458,51,118,23,1,6,49,8,4,33,84,.258,.308,.352,.659,75,161,15,2,1,4,0,*2/HD453
665,Andrew Velazquez#\velazan01,26,NYY,28,68,67,11,15,4,1,1,6,4,1,1,23,.224,.235,.358,.594,61,24,1,0,0,0,0,6/H
666,Alex Verdugo*\verdual01,25,BOS,146,604,544,88,157,32,2,13,63,6,2,51,96,.289,.351,.426,.777,106,232,11,4,0,5,6,*789/HD
667,Will Vest\vestwi01,26,SEA,1,0,0,0,0,0,0,0,0,0,0,0,0,,,,,,0,0,0,0,0,0,1
668,Luke Voit\voitlu01,30,NYY,68,241,213,26,51,7,1,11,35,0,0,21,74,.239,.328,.437,.764,109,93,12,7,0,0,0,3DH
669,Michael Wacha\wachami01,29,TBR,3,3,3,0,0,0,0,0,0,0,0,0,3,.000,.000,.000,.000,-100,0,0,0,0,0,0,1/H
670,Tyler Wade*\wadety01,26,NYY,103,145,127,31,34,5,1,0,5,17,6,16,37,.268,.354,.323,.677,90,41,3,1,0,0,1,6H548/79D
671,Taylor Walls#\wallsta01,24,TBR,54,176,152,15,32,10,0,1,15,4,2,23,49,.211,.314,.296,.610,77,45,3,0,1,0,0,6/H45D
672,Jared Walsh*\walshja01,27,LAA,144,585,530,70,147,34,1,29,98,2,1,48,152,.277,.340,.509,.850,128,270,7,4,0,3,6,*39/H
673,Donovan Walton*\waltodo01,27,SEA,24,69,63,6,13,2,1,2,7,1,0,4,15,.206,.254,.365,.619,72,23,1,0,2,0,0,4/7H5D6
674,Andrew Wantz\wantzan01,25,LAA,2,0,0,0,0,0,0,0,0,0,0,0,0,,,,,,0,0,0,0,0,0,1
675,Taylor Ward\wardta01,27,LAA,65,237,208,33,52,15,0,8,33,1,1,20,55,.250,.332,.438,.769,108,91,4,6,2,1,0,978/2H
676,Austin Warren\warreau01,25,LAA,4,0,0,0,0,0,0,0,0,0,0,0,0,,,,,,0,0,0,0,0,0,1
677,Tony Watson*\watsoto01,36,LAA,9,1,1,0,0,0,0,0,0,0,0,0,1,.000,.000,.000,.000,-100,0,0,0,0,0,0,1
678,Jordan Weems*\weemsjo01,28,OAK,1,0,0,0,0,0,0,0,0,0,0,0,0,,,,,,0,0,0,0,0,0,/1
679,Tyler Wells\wellsty01,26,BAL,5,0,0,0,0,0,0,0,0,0,0,0,0,,,,,,0,0,0,0,0,0,1
680,J.B. Wendelken\wendejb01,28,OAK,2,0,0,0,0,0,0,0,0,0,0,0,0,,,,,,0,0,0,0,0,0,1
681,Joey Wendle*\wendljo01,31,TBR,136,501,460,73,122,31,4,11,54,8,6,28,113,.265,.319,.422,.741,110,194,9,10,0,3,4,564H
682,Eli White\whiteel04,27,TEX,64,220,198,26,35,6,1,6,15,4,3,18,66,.177,.259,.308,.567,57,61,2,4,0,0,0,789/H4D
683,Evan White\whiteev01,25,SEA,30,104,97,8,14,3,0,2,9,0,0,6,31,.144,.202,.237,.439,23,23,1,1,0,0,0,3
684,Garrett Whitlock\whitlga01,25,BOS,4,2,2,0,1,0,0,0,0,0,0,0,1,.500,.500,.500,1.000,168,1,0,0,0,0,0,1
685,Stevie Wilkerson#\wilkest01,29,BAL,30,76,72,5,12,3,0,0,2,2,0,3,30,.167,.211,.208,.419,15,15,0,1,0,0,0,4/H719
686,Nick Williams*\willini01,27,CHW,4,13,10,2,0,0,0,0,0,0,0,1,4,.000,.231,.000,.231,-27,0,1,2,0,0,0,/7DH
687,Jacob Wilson\wilsoja04,30,TOT,12,21,20,3,3,1,1,0,1,0,0,1,3,.150,.190,.300,.490,33,6,1,0,0,0,0,/54H7
688,Jacob Wilson\wilsoja04,30,OAK,6,7,7,1,1,0,0,0,0,0,0,0,1,.143,.143,.143,.286,-19,1,0,0,0,0,0,/4H57
689,Jacob Wilson\wilsoja04,30,HOU,6,14,13,2,2,1,1,0,1,0,0,1,2,.154,.214,.385,.599,60,5,1,0,0,0,0,/54
690,Matt Wisler\wislema01,28,TBR,1,0,0,0,0,0,0,0,0,0,0,0,0,,,,,,0,0,0,0,0,0,1
691,Nick Wittgren\wittgni01,30,CLE,3,0,0,0,0,0,0,0,0,0,0,0,0,,,,,,0,0,0,0,0,0,1
692,Connor Wong\wongco01,25,BOS,6,14,13,3,4,1,1,0,1,0,0,1,7,.308,.357,.538,.896,134,7,0,0,0,0,0,/2HD
693,Kean Wong*\wongke01,26,LAA,32,66,60,3,10,2,1,0,6,0,1,2,17,.167,.194,.233,.427,16,14,0,0,4,0,0,H4/579
694,Brandon Workman\workmbr01,32,BOS,1,0,0,0,0,0,0,0,0,0,0,0,0,,,,,,0,0,0,0,0,0,1
695,Austin Wynns\wynnsau01,30,BAL,45,139,130,14,24,4,0,4,14,1,0,8,31,.185,.232,.308,.540,45,40,6,0,1,0,0,2/3D1H
696,Hyeon-jong Yang*\yanghy01,33,TEX,1,0,0,0,0,0,0,0,0,0,0,0,0,,,,,,0,0,0,0,0,0,1
697,Ryan Yarbrough\yarbrry01,29,TBR,2,4,4,0,0,0,0,0,0,0,0,0,2,.000,.000,.000,.000,-100,0,0,0,0,0,0,1
698,Seby Zavala\zavalse01,27,CHW,37,104,93,15,17,3,0,5,15,0,0,6,41,.183,.240,.376,.616,66,35,1,1,4,0,0,2/HD
699,Bradley Zimmer*\zimmebr01,28,CLE,99,348,299,44,68,9,1,8,35,15,3,30,122,.227,.325,.344,.669,85,103,3,15,0,4,0,89/H7D
700,Kyle Zimmer\zimmeky01,29,KCR,3,0,0,0,0,0,0,0,0,0,0,0,0,,,,,,0,0,0,0,0,0,1
701,Bruce Zimmermann*\zimmebr02,26,BAL,2,4,4,0,0,0,0,0,0,0,0,0,3,.000,.000,.000,.000,-100,0,0,0,0,0,0,1
702,Tyler Zuber\zuberty01,26,KCR,1,1,1,0,0,0,0,0,0,0,0,0,1,.000,.000,.000,.000,-100,0,0,0,0,0,0,1
703,Mike Zunino\zuninmi01,30,TBR,109,375,333,64,72,11,2,33,62,0,0,34,132,.216,.301,.559,.860,138,186,7,7,0,1,0,2/H
